小区名,区,经度_GCJ02,纬度_GCJ02,到陆家嘴驾车距离(m),到陆家嘴驾车时间(min),到南京东路驾车距离(m),到南京东路驾车时间(min),到张江驾车距离(m),到张江驾车时间(min),到陆家嘴公交时间(min),数据状态
万象三期,黄浦,121.48442,31.231661,4111,12.2,1274,3.9,14916,28.9,20.0,LBS实测
东方城,黄浦,121.521266,31.195864,5653,18.4,8610,25.5,8817,13.9,46.0,LBS实测
五里桥镇广场,黄浦,121.478276,31.200481,7387,24.6,4536,19.3,14574,25.3,42.6,LBS实测
万象景苑,黄浦,121.48442,31.231661,4111,12.2,1274,3.9,14916,28.9,20.0,LBS实测
翠竹丽苑,黄浦,121.48442,31.231661,4111,12.2,1274,3.9,14916,29.0,20.0,LBS实测
宏达苑,黄浦,121.372713,31.686639,94062,99.9,95894,101.8,89950,85.6,235.2,坐标异常_待修正
五里桥城,黄浦,121.478276,31.200481,7387,24.7,4536,19.4,14574,25.6,42.6,LBS实测
五里桥馨苑,黄浦,121.478276,31.200481,7387,24.7,4536,19.4,14574,25.6,42.6,LBS实测
五里桥怡苑,黄浦,121.478276,31.200481,7387,24.7,4536,19.4,14574,25.6,42.6,LBS实测
五里桥路锦苑,黄浦,121.481311,31.204266,7753,20.6,4373,17.7,14056,21.6,41.8,LBS实测
五里桥街城,黄浦,121.481311,31.204266,7753,20.6,4373,17.7,14056,21.6,41.8,LBS实测
永泰大楼,黄浦,121.48442,31.231661,4111,12.2,1274,3.9,14916,28.9,20.0,LBS实测
和谐怡苑,黄浦,121.555012,31.201616,7964,24.0,10921,25.1,5502,16.8,32.5,LBS实测
五里桥街湾,黄浦,121.481311,31.204266,7753,20.6,4373,17.7,14056,21.6,41.8,LBS实测
明珠城,黄浦,121.48442,31.231661,4111,12.2,1274,3.9,14916,28.9,20.0,LBS实测
富贵苑,黄浦,121.48442,31.231661,4111,12.2,1274,3.9,14916,29.0,20.0,LBS实测
东方盛苑,黄浦,121.48442,31.231661,4111,12.2,1274,3.9,14916,28.9,20.0,LBS实测
永宁新村,黄浦,121.48442,31.231661,4111,12.2,1274,3.9,14916,28.9,20.0,LBS实测
人民广场路城,黄浦,121.475233,31.228818,4799,14.6,1314,4.6,16342,32.3,27.0,LBS实测
来福士广场公寓,黄浦,121.477323,31.232087,3871,12.2,386,1.7,15414,30.1,26.6,LBS实测
白玉兰广场,黄浦,121.4882,31.39594,21672,38.2,21445,36.4,28232,39.8,83.2,LBS实测
国际饭店公寓,黄浦,121.48442,31.231661,4111,12.5,1274,3.9,14916,28.9,20.0,LBS实测
人民公寓,黄浦,121.48442,31.231661,4111,12.4,1274,3.8,14916,28.9,20.0,LBS实测
半淞园路丽苑,黄浦,121.495906,31.202929,8060,18.7,4262,17.8,12109,16.8,38.0,LBS实测
半淞园苑,黄浦,121.493437,31.198858,7886,21.4,4506,18.6,13069,19.1,37.2,LBS实测
半淞园镇和苑,黄浦,121.493437,31.198858,7886,21.4,4506,18.6,13069,19.1,37.2,LBS实测
半淞园嘉苑,黄浦,121.493437,31.198858,7886,21.4,4506,18.2,13069,19.2,37.2,LBS实测
晨曦湾,黄浦,121.48442,31.231661,4111,12.5,1274,3.8,14916,28.9,20.0,LBS实测
半淞园镇佳苑,黄浦,121.493437,31.198858,7886,21.4,4506,18.2,13069,19.2,37.2,LBS实测
半淞园路家苑,黄浦,121.495906,31.202929,8060,18.7,4262,17.7,12109,16.8,38.0,LBS实测
半淞园镇花苑,黄浦,121.493437,31.198858,7886,21.4,4506,18.2,13069,19.2,37.2,LBS实测
锦绣里,黄浦,121.447658,31.242946,9441,20.7,4163,17.8,21529,32.0,44.1,LBS实测
新世纪里,黄浦,121.48442,31.231661,4111,12.5,1274,3.8,0,0,20.0,LBS实测
半淞园街里,黄浦,121.493437,31.198858,7886,21.4,4506,18.2,13069,19.2,37.2,LBS实测
金色新苑,黄浦,121.48442,31.231661,4111,12.5,1274,3.8,14916,28.9,20.0,LBS实测
半淞园街雅苑,黄浦,121.487116,31.20688,7341,19.8,3961,16.1,13054,18.9,31.8,LBS实测
嘉泰绿苑,黄浦,121.468466,31.206922,7507,21.3,3965,17.0,15577,26.7,42.1,LBS实测
新家锦苑,黄浦,121.48442,31.231661,4111,12.5,1274,3.8,14916,28.9,20.0,LBS实测
宜居公寓,黄浦,121.308718,31.142667,24179,37.6,21331,33.8,35831,53.2,88.3,LBS实测
南京东路小区,黄浦,121.477072,31.234663,3816,15.2,1003,8.8,15875,35.2,26.4,LBS实测
福海花苑,黄浦,121.48442,31.231661,4111,12.0,1274,3.8,14916,28.4,20.0,LBS实测
南京东路公寓,黄浦,121.477072,31.234663,3816,15.2,1003,8.8,15875,35.2,26.4,LBS实测
鸿泰公寓,黄浦,121.48442,31.231661,4111,12.0,1274,3.8,14916,28.4,20.0,LBS实测
嘉辰花苑,黄浦,121.48442,31.231661,4111,12.0,1274,3.8,14916,28.4,20.0,LBS实测
吉祥里,黄浦,121.483214,31.239498,5286,19.9,2168,11.5,16464,30.9,23.1,LBS实测
南京东路街苑,黄浦,121.474734,31.235156,4824,16.5,1308,6.7,0,0,23.4,LBS实测
嘉宝新村,黄浦,121.48442,31.231661,4111,12.0,1274,4.0,14916,28.7,20.0,LBS实测
海珀黄浦,黄浦,121.4917,31.209931,6302,18.3,3334,15.2,12997,19.9,33.9,LBS实测
外滩壹号院,黄浦,121.492127,31.233516,4647,17.8,1962,11.1,16737,31.4,25.2,LBS实测
永泰嘉苑,黄浦,121.48442,31.231661,4111,12.0,1274,4.0,14916,28.7,20.0,LBS实测
温馨公寓,黄浦,121.369604,31.251584,15261,36.0,12413,32.4,34485,45.9,47.5,LBS实测
外滩花苑,黄浦,121.492127,31.233516,4647,17.8,1962,11.1,16737,31.4,25.2,LBS实测
嘉和公寓,黄浦,121.48442,31.231661,4111,12.0,1274,4.0,14916,28.7,20.0,LBS实测
外滩九里,黄浦,121.48442,31.231661,4111,12.0,1274,4.0,14916,28.7,20.0,LBS实测
富贵小区,黄浦,121.48442,31.231661,4111,12.0,1274,4.0,14916,28.7,20.0,LBS实测
外滩怡苑,黄浦,121.555012,31.201616,7964,23.8,10921,25.5,5502,16.4,32.5,LBS实测
星光华庭,黄浦,121.48442,31.231661,4111,12.0,1274,4.0,14916,28.7,20.0,LBS实测
阳光公寓,黄浦,121.500555,31.211507,6400,18.9,4147,17.1,12593,18.1,38.0,LBS实测
中福花苑,黄浦,121.499641,31.210531,6361,18.8,4108,16.9,12554,18.0,36.1,LBS实测
黄浦新苑,黄浦,121.484615,31.210072,6867,21.4,3487,17.2,13825,22.1,28.7,LBS实测
悦达889,黄浦,121.48442,31.231661,4111,12.4,1274,4.0,14916,29.1,20.0,LBS实测
半岛酒店公寓,黄浦,121.385343,31.141851,21209,40.5,18358,36.3,31460,38.5,72.9,LBS实测
绿城黄浦湾,黄浦,121.503575,31.217232,8281,20.8,4328,20.5,12917,18.5,41.0,LBS实测
老西门新苑,黄浦,121.483165,31.215769,5655,16.5,2557,13.9,13652,22.7,28.0,LBS实测
蓬莱家园,黄浦,121.046208,31.089717,49545,53.4,46697,49.6,61197,68.8,123.6,LBS实测
永福住宅,黄浦,121.265155,30.964654,49881,55.2,44192,55.5,54766,47.0,145.4,LBS实测
万象苑,黄浦,121.48442,31.231661,4111,12.0,1274,4.0,14916,29.0,20.0,LBS实测
卢湾路花苑,黄浦,121.48442,31.231661,4111,12.0,1274,4.0,14916,29.0,20.0,LBS实测
阳光盛苑,黄浦,121.526914,31.161139,10825,24.6,11753,31.6,12298,19.0,63.4,LBS实测
斜土路花苑,黄浦,121.465595,31.199787,7818,21.4,4967,17.2,15418,24.2,44.6,LBS实测
海华花苑,黄浦,121.48442,31.231661,4111,12.0,1274,4.0,14916,29.0,20.0,LBS实测
盛世小区,黄浦,121.48442,31.231661,4111,12.0,1274,4.0,14916,29.0,20.0,LBS实测
丽园新村,黄浦,121.483917,31.205697,6931,19.8,3551,16.4,13240,20.6,36.2,LBS实测
凤凰小区,黄浦,121.23485,31.011602,41297,55.2,38446,51.5,48855,53.6,100.4,LBS实测
安居丽苑,黄浦,121.48442,31.231661,4111,12.0,1274,4.0,14916,28.7,20.0,LBS实测
打浦桥丽苑,黄浦,121.474117,31.202952,7440,21.3,4589,16.6,15045,24.2,44.6,LBS实测
打浦桥路庭,黄浦,121.470298,31.203222,7378,20.8,4527,17.1,14886,23.5,46.4,LBS实测
打浦桥路家苑,黄浦,121.470298,31.203222,7378,20.7,4527,17.1,14886,23.5,46.4,LBS实测
打浦桥街府,黄浦,121.470298,31.203222,7378,20.7,4527,17.1,14886,23.5,46.4,LBS实测
晨曦坊,黄浦,121.48442,31.231661,4111,12.1,1274,4.0,14916,28.7,20.0,LBS实测
瑞南新苑,黄浦,121.468869,31.200349,7590,21.8,4739,17.2,14823,25.6,50.3,LBS实测
翠竹花苑,黄浦,121.48442,31.231661,4111,12.1,1274,4.0,14916,28.7,20.0,LBS实测
瑞景新村,黄浦,121.48442,31.231661,4111,12.1,1274,4.0,14916,28.9,20.0,LBS实测
市民新村,黄浦,121.493561,31.204964,7878,18.1,4386,16.9,11927,16.0,34.1,LBS实测
济南路花苑,黄浦,121.479278,31.218735,5391,15.6,2340,11.2,14248,24.3,28.2,LBS实测
太平桥公寓,黄浦,121.48442,31.231661,4111,11.9,1274,4.0,14916,28.9,20.0,LBS实测
复兴SOHO,黄浦,121.359133,30.770964,68938,66.8,63249,68.2,70126,60.2,117.0,LBS实测
瑞丰弄,黄浦,121.48442,31.231661,4111,12.2,1274,4.0,14916,28.8,20.0,LBS实测
翠湖天地,黄浦,121.478011,31.217902,5438,15.3,2387,11.4,14568,25.7,29.0,LBS实测
新天地花苑,黄浦,121.48442,31.231661,4111,12.2,1274,4.0,14916,28.8,20.0,LBS实测
中海建国里,黄浦,121.4818,31.215422,6206,19.0,3100,15.1,13952,22.2,31.5,LBS实测
翠湖天地嘉苑,黄浦,121.475482,31.217509,6364,19.2,2613,14.8,14624,25.1,31.2,LBS实测
海华花园,黄浦,121.46905,31.204357,7271,21.7,4420,18.8,15251,24.8,43.2,LBS实测
嘉和怡苑,黄浦,121.555012,31.201616,7964,24.1,10921,25.6,5502,16.5,32.5,LBS实测
新世纪一期,黄浦,121.48442,31.231661,4111,12.4,1274,4.0,14916,28.8,20.0,LBS实测
锦绣一期,黄浦,121.828945,31.563904,55948,64.4,57780,68.5,51836,53.0,164.9,坐标异常_待修正
淮海路里,黄浦,121.466013,31.222222,5479,13.1,2544,9.0,18110,30.7,30.3,LBS实测
宜居里,黄浦,121.48442,31.231661,4111,12.4,1274,4.0,14916,28.9,20.0,LBS实测
新家府,黄浦,121.547398,31.277456,9350,20.4,10640,27.8,13559,23.4,43.0,LBS实测
淮海路镇兴苑,黄浦,121.466013,31.222222,5479,13.1,2544,9.0,18110,30.7,30.3,LBS实测
淮海路街坊,黄浦,121.466013,31.222222,5479,13.1,2544,9.0,18110,30.7,30.3,LBS实测
淮海路路佳苑,黄浦,121.466013,31.222222,5479,13.1,2544,9.0,18110,30.7,30.3,LBS实测
淮海路丽苑,黄浦,121.466013,31.222222,5479,12.9,2544,9.0,18110,30.6,30.3,LBS实测
淮海路路盛苑,黄浦,121.466013,31.222222,5479,12.9,2544,9.0,18110,30.6,30.3,LBS实测
康乐新苑,黄浦,121.459899,31.224638,5996,14.9,2924,13.3,18627,32.0,32.9,LBS实测
豫景公寓,黄浦,121.491901,31.207382,8243,19.8,3672,17.5,12292,17.4,39.4,LBS实测
景龙花苑,黄浦,121.48442,31.231661,4111,12.2,1274,4.0,14916,28.9,20.0,LBS实测
卢湾都市花园,黄浦,121.47707,31.201062,7204,21.5,0,0,14391,23.4,42.2,LBS实测
西城公寓,黄浦,121.225036,30.817643,78112,72.1,70877,71.5,82073,64.9,145.9,LBS实测
新景弄,黄浦,121.48442,31.231661,4111,12.2,1274,4.0,14916,28.9,20.0,LBS实测
文庙新天地,黄浦,121.476534,31.217175,6247,17.5,2496,13.4,14507,24.4,25.7,LBS实测
银河弄,黄浦,121.537647,31.268355,8942,19.5,0,0,12482,20.0,45.0,LBS实测
中华路花苑,黄浦,121.493184,31.215226,5346,16.0,3095,14.1,12620,19.1,35.6,LBS实测
蓬莱公寓,黄浦,121.046208,31.089717,49545,53.4,46697,50.0,61197,68.5,123.6,LBS实测
春天城,黄浦,121.48442,31.231661,4111,12.1,1274,4.0,14916,28.9,20.0,LBS实测
陆家浜路花苑,黄浦,121.494782,31.212692,8105,18.5,3646,15.2,12154,16.1,31.6,LBS实测
复兴东路公寓,黄浦,121.493777,31.222005,4612,14.1,3946,14.1,14028,19.3,33.2,LBS实测
老西门街花园,黄浦,121.48442,31.231661,4111,12.1,1274,4.0,14916,29.2,20.0,LBS实测
永和丽苑,黄浦,121.48442,31.231661,4111,12.1,1274,4.0,14916,29.2,20.0,LBS实测
永丰怡苑,黄浦,121.471465,31.215908,5362,15.5,2715,10.6,15351,28.3,31.5,LBS实测
和谐小区,黄浦,121.34097,31.09881,26207,46.8,0,0,36153,44.9,89.3,LBS实测
新世纪广场,黄浦,121.403939,31.204218,11624,23.7,8776,20.5,23099,35.1,45.3,LBS实测
黄浦国际,黄浦,121.48442,31.231661,4111,11.8,1274,4.0,14916,29.3,20.0,LBS实测
中粮海景壹号,黄浦,121.512511,31.196916,5394,17.0,8301,23.0,9955,18.4,49.9,LBS实测
鑫都坊,黄浦,121.48442,31.231661,4111,11.8,1274,4.0,14916,29.3,20.0,LBS实测
绿地外滩中心,黄浦,121.504783,31.213123,8441,18.7,4958,22.1,12490,16.6,43.4,LBS实测
晨曦馨苑,黄浦,121.48442,31.231661,4111,12.0,1274,4.0,14916,29.2,20.0,LBS实测
融创外滩壹号,黄浦,121.492127,31.233516,4647,18.6,1962,14.3,16737,32.9,25.2,LBS实测
百汇园二期,黄浦,121.48442,31.231661,4111,12.0,1274,4.0,14916,29.2,20.0,LBS实测
董家渡花苑,黄浦,121.499068,31.215685,6096,19.4,4068,16.2,13107,18.4,33.8,LBS实测
董家渡路苑,黄浦,121.502038,31.214892,6206,17.6,3955,17.3,12541,16.8,38.6,LBS实测
瑞丰三期,黄浦,121.48442,31.231661,4111,12.0,1274,4.0,14916,29.2,20.0,LBS实测
泛海国际住区,黄浦,121.48442,31.231661,4111,12.0,1274,4.0,14916,29.2,20.0,LBS实测
宜居住宅,黄浦,121.48442,31.231661,4111,12.0,1274,4.0,14916,29.2,20.0,LBS实测
永安公寓,黄浦,121.336535,31.779882,109423,112.5,111255,119.0,105311,103.0,267.4,坐标异常_待修正
龙腾住宅,黄浦,121.319534,31.246805,24947,48.2,20369,44.5,42003,58.7,67.8,LBS实测
宏伟城,黄浦,121.284486,31.815188,116713,117.6,118545,122.7,112601,107.6,275.2,坐标异常_待修正
复兴馨苑,黄浦,121.359133,30.770964,68938,66.4,63249,67.7,70126,59.4,117.0,LBS实测
康乐城,黄浦,121.48442,31.231661,4111,12.2,1274,4.0,14916,29.4,20.0,LBS实测
金外滩花苑,黄浦,121.50101,31.223356,7807,17.0,3854,20.1,13382,18.1,29.2,LBS实测
豫园二期,黄浦,121.490445,31.22711,4185,13.8,2374,15.6,14646,28.0,18.8,LBS实测
明日星城,黄浦,121.494177,31.214046,5588,17.2,3777,18.3,12862,19.7,35.9,LBS实测
豫翠豪庭,黄浦,121.48442,31.231661,4111,12.0,1274,4.1,14916,29.2,20.0,LBS实测
河南南路花苑,黄浦,121.489482,31.222456,4574,14.7,2598,12.4,13426,20.4,26.1,LBS实测
永乐华庭,黄浦,121.48442,31.231661,4111,12.0,1274,4.1,14916,29.2,20.0,LBS实测
嘉和三期,黄浦,121.48442,31.231661,4111,12.0,1274,4.1,14916,29.2,20.0,LBS实测
龙腾府,黄浦,121.319534,31.246805,24947,48.2,0,0,42003,59.1,67.8,LBS实测
永安坊,徐汇,121.336535,31.779882,109423,113.0,111255,118.1,105311,102.6,267.3,坐标异常_待修正
新景里,徐汇,121.436307,31.188334,10808,26.9,7960,24.1,19014,29.4,36.4,LBS实测
罗秀路1001弄,徐汇,121.429896,31.129385,18509,38.0,17655,28.7,21748,28.4,64.8,LBS实测
瑞和嘉苑,徐汇,121.436307,31.188334,10808,26.9,7960,24.1,19014,29.4,36.4,LBS实测
万象新村,徐汇,121.493738,31.219415,5145,15.5,3334,16.7,13166,20.1,36.3,LBS实测
万体馆公寓,徐汇,121.438374,31.181445,12642,26.8,9791,23.4,18692,27.6,38.6,LBS实测
宏宇苑,徐汇,121.436307,31.188334,10808,26.9,7960,24.1,19014,29.4,36.4,LBS实测
丝庐花语,徐汇,121.466644,31.196419,8139,22.8,5288,20.4,15058,23.6,45.9,LBS实测
春天里,徐汇,121.436307,31.188334,10808,26.9,7960,23.7,19014,29.4,36.4,LBS实测
梅陇五村,徐汇,121.42073,31.135743,18758,37.8,15191,30.9,21997,28.2,63.5,LBS实测
零陵路花苑,徐汇,121.447958,31.188151,12383,25.9,9532,22.5,18433,26.6,49.8,LBS实测
中山南二路花苑,徐汇,121.454109,31.186219,12157,26.8,7603,24.1,16206,25.6,46.5,LBS实测
永安锦苑,徐汇,121.436307,31.188334,10808,26.6,7960,23.7,19014,29.4,36.4,LBS实测
永宁三期,徐汇,121.436307,31.188334,10808,26.6,7960,23.7,19014,29.4,36.4,LBS实测
新都公寓,徐汇,121.60116,31.256488,11562,23.6,14586,27.6,7672,16.1,47.1,LBS实测
万体馆街广场,徐汇,121.438374,31.181445,12642,26.6,9791,23.4,18692,27.6,38.6,LBS实测
新家广场,徐汇,121.547398,31.277456,9350,20.3,10640,27.7,13559,23.5,43.0,LBS实测
嘉汇广场,徐汇,121.443208,31.188127,12506,27.4,9655,24.0,18556,28.4,50.5,LBS实测
晨曦大楼,徐汇,121.436307,31.188334,10808,26.7,7960,23.9,19014,29.5,36.4,LBS实测
保利西岸1288,徐汇,121.45613,31.180184,11384,23.5,8533,22.5,17434,24.4,52.6,LBS实测
师大新村,徐汇,121.41712,31.158809,16704,32.6,13853,29.3,22754,34.0,66.1,LBS实测
小木桥路101弄,徐汇,121.457512,31.1992,8393,22.4,5542,19.9,16420,27.2,45.0,LBS实测
长顺坊,徐汇,121.416512,31.157263,16638,32.4,13787,29.1,22688,33.9,63.8,LBS实测
中恒苑,徐汇,121.447953,31.13964,18243,36.2,14805,32.2,21482,27.4,78.5,LBS实测
武康路391弄,徐汇,121.439229,31.205848,9577,21.2,6729,17.8,18854,40.4,41.1,LBS实测
漕溪四村,徐汇,121.439813,31.171379,12899,27.6,10048,24.3,18949,28.4,46.5,LBS实测
嘉泰新村,徐汇,121.468466,31.206922,7507,20.7,3965,16.2,15577,26.6,42.1,LBS实测
嘉泰小区,徐汇,121.468466,31.206922,7507,20.7,3965,16.2,15577,26.5,42.1,LBS实测
瑞和花园,徐汇,121.436307,31.188334,10808,26.7,7960,24.1,19014,30.0,36.4,LBS实测
华龙新苑,徐汇,121.436307,31.188334,10808,26.9,7960,24.1,19014,30.0,36.4,LBS实测
馨汇南苑,徐汇,121.44458,31.165857,14583,35.8,12326,26.3,21227,31.3,52.9,LBS实测
绿洲星城,徐汇,121.436307,31.188334,10808,26.9,7960,24.1,19014,30.0,36.4,LBS实测
永乐住宅,徐汇,121.436307,31.188334,10808,26.9,7960,24.1,19014,30.0,36.4,LBS实测
嘉华住宅,徐汇,121.436307,31.188334,10808,26.6,7960,23.8,19014,29.7,36.4,LBS实测
华泾新村,徐汇,121.446016,31.118247,19180,37.4,18040,27.4,22875,28.3,69.2,LBS实测
华泾花苑,徐汇,121.449666,31.122398,19028,38.1,18090,28.7,22925,29.9,79.4,LBS实测
华泾绿苑,徐汇,121.458084,31.113879,20709,30.3,17858,26.9,22693,28.2,90.1,LBS实测
明珠一期,徐汇,121.436307,31.188334,10808,26.6,7960,23.8,19014,30.1,36.4,LBS实测
永泰苑,徐汇,121.436307,31.188334,10808,26.6,7960,23.8,19014,30.1,36.4,LBS实测
龙腾庭,徐汇,121.319534,31.246805,24947,47.6,20369,44.3,42003,59.5,67.8,LBS实测
永乐湾,徐汇,121.436307,31.188334,10808,26.6,7960,23.8,19014,30.1,36.4,LBS实测
盛世大楼,徐汇,121.436307,31.188334,10808,26.6,7960,23.8,19014,30.1,36.4,LBS实测
鑫城大楼,徐汇,121.436307,31.188334,10808,26.6,7960,23.8,19014,30.1,36.4,LBS实测
世纪花园,徐汇,121.436307,31.188334,10808,26.6,7960,23.8,19014,30.1,36.4,LBS实测
凤凰华庭,徐汇,121.437919,31.193287,10036,28.6,7185,25.2,19204,32.6,33.5,LBS实测
怡桂苑,徐汇,121.416183,31.176131,14605,24.6,11757,21.9,22238,32.2,51.0,LBS实测
电影华苑,徐汇,121.439884,31.184075,12923,27.9,10072,24.6,18973,29.7,40.0,LBS实测
紫藤苑,徐汇,121.412564,31.149226,17338,32.7,14487,29.2,23388,34.5,56.3,LBS实测
大木桥小区,徐汇,121.436307,31.188334,10808,26.6,7960,23.8,19014,29.8,36.4,LBS实测
明园小安桥,徐汇,121.422714,31.184892,13541,22.2,10693,20.2,19832,30.7,58.5,LBS实测
凤凰里,徐汇,121.437919,31.193287,10036,28.2,7185,24.9,19204,32.6,33.5,LBS实测
永安景苑,徐汇,121.336535,31.779882,109423,112.5,111255,118.6,105311,102.7,267.4,坐标异常_待修正
华悦家园,徐汇,121.409543,31.165659,16845,34.2,13994,31.0,22895,36.4,55.6,LBS实测
南站绿苑,徐汇,121.44923,31.180341,11375,22.9,8524,20.8,17425,25.5,53.8,LBS实测
南站里,徐汇,121.44923,31.180341,11375,22.9,8524,20.8,17425,24.8,53.8,LBS实测
新家怡苑,徐汇,121.547398,31.277456,9350,20.2,10640,28.2,13559,23.3,43.0,LBS实测
南站镇坊,徐汇,121.436307,31.188334,10808,26.8,7960,24.0,19014,30.0,36.4,LBS实测
东方大楼,徐汇,121.43807,31.19336,15827,23.7,12979,20.9,19771,30.9,33.5,LBS实测
梅陇三村,徐汇,121.417497,31.135958,18149,32.7,15298,29.5,22759,31.9,59.1,LBS实测
新景绿苑,徐汇,121.436307,31.188334,10808,26.8,7960,24.0,19014,30.0,36.4,LBS实测
嘉宝锦苑,徐汇,121.436307,31.188334,10808,26.8,7960,24.0,19014,30.0,36.4,LBS实测
南站路锦苑,徐汇,121.436307,31.188334,10808,26.8,7960,24.0,19014,30.0,36.4,LBS实测
锦馨苑,徐汇,121.4159,31.189969,13309,22.7,10461,20.1,20942,30.3,51.8,LBS实测
南站镇丽苑,徐汇,121.436307,31.188334,10808,26.4,7960,24.0,19014,30.0,36.4,LBS实测
吉祥住宅,徐汇,121.436307,31.188334,10808,26.8,7960,23.6,19014,30.0,36.4,LBS实测
嘉宝弄,徐汇,121.436307,31.188334,10808,26.4,7960,23.6,19014,30.0,36.4,LBS实测
南站镇佳苑,徐汇,121.436307,31.188334,10808,26.4,7960,23.6,19014,30.0,36.4,LBS实测
大木小区,徐汇,121.462771,31.198247,8139,20.8,5288,17.4,15739,25.1,42.0,LBS实测
梅陇七村,徐汇,121.422833,31.139244,18792,39.4,14795,29.6,22031,30.1,62.7,LBS实测
吴兴路261弄新里,徐汇,121.4455,31.199855,9295,23.0,6447,20.4,17559,32.9,36.4,LBS实测
日晖六村,徐汇,,,,,,,,,,未找到
滨江小区,徐汇,121.457044,31.152442,0,0,12040,24.2,0,0,61.2,LBS实测
虹梅南路96弄,徐汇,,,,,,,,,,未找到
徐汇临江豪园,徐汇,121.453034,31.183337,10861,21.2,8010,18.6,16911,22.6,0,LBS实测
中海瀛台二期,徐汇,,,,,,,,,,未找到
欣园新村,徐汇,121.407272,31.157324,17098,31.3,0,0,0,0,0,LBS实测
金龙花苑牡丹园,徐汇,,,,,,,,,,未找到
东安五村,徐汇,121.452592,31.184251,0,0,0,0,16821,22.2,51.8,LBS实测
长丰坊,徐汇,121.415655,31.1538,0,0,13566,27.3,0,0,63.9,LBS实测
健安坊,徐汇,,,,,,,,,,未找到
梅陇四村,徐汇,,,,,,,,,,未找到
衡园,徐汇,,,,,,,,,,未找到
融创徐汇滨江壹号,徐汇,121.455733,31.15775,12775,29.3,0,0,16987,29.6,58.4,LBS实测
舒乐公寓,徐汇,121.434893,31.13117,0,0,15337,30.8,0,0,0,LBS实测
康健家苑,徐汇,121.421101,31.155372,0,0,0,0,0,0,54.6,LBS实测
罗秀三村,徐汇,121.445954,31.134664,17585,35.6,0,0,0,0,0,LBS实测
新都里,徐汇,,,,,,,,,,未找到
梅陇八村,徐汇,,,,,,,,,,未找到
康健街里,徐汇,,,,,,,,,,未找到
康健路庭,徐汇,,,,,,,,,,未找到
康健花苑,徐汇,,,,,,,,,,未找到
康健路丽苑,徐汇,121.424328,31.165015,15557,30.0,0,0,0,0,54.3,LBS实测
宏宇大楼,徐汇,,,,,,,,,,未找到
龙山新村,徐汇,,,,,,,,,,未找到
世纪小区,徐汇,,,,,,,,,,未找到
康健路城,徐汇,121.424328,31.165015,15557,30.0,12706,26.9,21607,32.4,54.3,LBS实测
新城苑,徐汇,,,,,,,,,,未找到
康健兴苑,徐汇,121.421101,31.155372,0,0,0,0,0,0,0,LBS实测
康健街广场,徐汇,,,,,,,,,,未找到
康健路里,徐汇,,,,,,,,,,未找到
和谐二期,徐汇,,,,,,,,,,未找到
长桥四村,徐汇,,,,,,,,,,未找到
桂林新苑,徐汇,,,,,,,,,,未找到
徐家汇里,徐汇,,,,,,,,,,未找到
永丰城,徐汇,121.436307,31.188334,0,0,0,0,0,0,0,LBS实测
瑞丰小区,徐汇,121.436307,31.188334,0,0,0,0,0,0,36.4,LBS实测
梅陇十村,徐汇,,,,,,,,,,未找到
新城家苑,徐汇,121.45183,31.132446,0,0,0,0,0,0,0,LBS实测
徐家汇花园,徐汇,,,,,,,,,,未找到
幸福一期,徐汇,,,,,,,,,,未找到
徐汇万科中心,徐汇,,,,,,,,,,未找到
汇翠花苑,徐汇,,,,,,,,,,未找到
光大花苑,徐汇,,,,,,,,,,未找到
东方曼哈顿,徐汇,121.433831,31.191094,11231,27.5,0,0,0,0,0,LBS实测
徐家汇花苑,徐汇,121.437951,31.193218,0,0,7362,26.2,0,0,0,LBS实测
金星苑,徐汇,,,,,,,,,,未找到
绿洲府,徐汇,,,,,,,,,,未找到
港汇公寓,徐汇,121.436307,31.188334,0,0,0,0,0,0,0,LBS实测
太平公寓,徐汇,,,,,,,,,,未找到
尚汇豪庭,徐汇,121.429661,31.179437,0,0,0,0,0,0,0,LBS实测
斜土路路家苑,徐汇,,,,,,,,,,未找到
斜土路路佳苑,徐汇,,,,,,,,,,未找到
鑫城丽苑,徐汇,,,,,,,,,,未找到
斜土路镇怡苑,徐汇,,,,,,,,,,未找到
明珠绿苑,徐汇,,,,,,,,,,未找到
星光庭,徐汇,,,,,,,,,,未找到
斜土路府,徐汇,121.46495,31.199256,7903,20.0,0,0,0,0,0,LBS实测
斜土路镇家苑,徐汇,,,,,,,,,,未找到
华理苑,徐汇,,,,,,,,,,未找到
化工二三村,徐汇,,,,,,,,,,未找到
嘉和花园,徐汇,,,,,,,,,,未找到
斜土路家苑,徐汇,,,,,,,,,,未找到
幸福城,徐汇,,,,,,,,,,未找到
和谐湾,徐汇,,,,,,,,,,未找到
金谷园,徐汇,,,,,,,,,,未找到
盛华景苑,徐汇,,,,,,,,,,未找到
徐汇公园道壹号,徐汇,,,,,,,,,,未找到
广元路141号,徐汇,,,,,,,,,,未找到
永安绿苑,徐汇,,,,,,,,,,未找到
植物园路花苑,徐汇,,,,,,,,,,未找到
日晖二村,徐汇,121.465461,31.193658,0,0,0,0,0,0,0,LBS实测
新城雅苑,徐汇,,,,,,,,,,未找到
植物园镇盛苑,徐汇,,,,,,,,,,未找到
植物园街兴苑,徐汇,,,,,,,,,,未找到
植物园街小区,徐汇,,,,,,,,,,未找到
西雅图嘉萱苑,徐汇,,,,,,,,,,未找到
凯翔小区,徐汇,,,,,,,,,,未找到
永和里,徐汇,,,,,,,,,,未找到
永兴庭,徐汇,,,,,,,,,,未找到
瑞和湾,徐汇,,,,,,,,,,未找到
盛世花苑,徐汇,,,,,,,,,,未找到
桂莘小区,徐汇,,,,,,,,,,未找到
植物园街新苑,徐汇,,,,,,,,,,未找到
植物园路嘉苑,徐汇,,,,,,,,,,未找到
植物园坊,徐汇,,,,,,,,,,未找到
梅陇九村,徐汇,,,,,,,,,,未找到
徐汇臻园,徐汇,,,,,,,,,,未找到
舒乐小区,徐汇,,,,,,,,,,未找到
仪表新村,徐汇,,,,,,,,,,未找到
西木小区,徐汇,,,,,,,,,,未找到
宏润花园,徐汇,,,,,,,,,,未找到
凌云新村,徐汇,,,,,,,,,,未找到
挹翠苑,徐汇,,,,,,,,,,未找到
海上名门,徐汇,,,,,,,,,,未找到
肇嘉浜路853弄,徐汇,,,,,,,,,,未找到
徐汇公园路1号,徐汇,,,,,,,,,,未找到
田林十二村,徐汇,,,,,,,,,,未找到
宏达一期,徐汇,,,,,,,,,,未找到
嘉华城,徐汇,,,,,,,,,,未找到
中海漕河泾,徐汇,,,,,,,,,,未找到
漕河泾丽苑,徐汇,,,,,,,,,,未找到
钦州花苑,徐汇,,,,,,,,,,未找到
万科华尔兹花苑,徐汇,,,,,,,,,,未找到
科技绿洲公寓,徐汇,,,,,,,,,,未找到
爱建园,徐汇,,,,,,,,,,未找到
漕宝路花苑,徐汇,,,,,,,,,,未找到
新家一期,徐汇,,,,,,,,,,未找到
金谊河畔,徐汇,,,,,,,,,,未找到
嘉泰里,徐汇,,,,,,,,,,未找到
瑞景雅苑,徐汇,,,,,,,,,,未找到
永新城,徐汇,,,,,,,,,,未找到
漕河泾印象城公寓,徐汇,,,,,,,,,,未找到
星河世纪,徐汇,,,,,,,,,,未找到
嘉宝公寓,徐汇,,,,,,,,,,未找到
漕河泾路丽苑,徐汇,,,,,,,,,,未找到
瑞丰丽苑,徐汇,,,,,,,,,,未找到
和谐新村,徐汇,,,,,,,,,,未找到
园南二村,徐汇,,,,,,,,,,未找到
安居二期,徐汇,,,,,,,,,,未找到
漕河泾街庭,徐汇,,,,,,,,,,未找到
中山新村,徐汇,,,,,,,,,,未找到
银河绿苑,徐汇,,,,,,,,,,未找到
世纪广场,徐汇,,,,,,,,,,未找到
晨曦府,徐汇,,,,,,,,,,未找到
田林景苑,徐汇,,,,,,,,,,未找到
田林新村,徐汇,,,,,,,,,,未找到
永丰湾,徐汇,,,,,,,,,,未找到
田林花苑,徐汇,,,,,,,,,,未找到
尚海湾豪庭,徐汇,,,,,,,,,,未找到
钦州路花苑,徐汇,,,,,,,,,,未找到
田林十四村,徐汇,,,,,,,,,,未找到
明珠锦苑,徐汇,,,,,,,,,,未找到
永兴三期,徐汇,,,,,,,,,,未找到
新城里,徐汇,,,,,,,,,,未找到
永丰嘉苑,徐汇,,,,,,,,,,未找到
桂林苑,徐汇,,,,,,,,,,未找到
汽联大厦,徐汇,,,,,,,,,,未找到
锦绣苑,徐汇,,,,,,,,,,未找到
百龙小区,徐汇,,,,,,,,,,未找到
汇贤居,徐汇,,,,,,,,,,未找到
星秀苑,徐汇,,,,,,,,,,未找到
田林十一村,徐汇,,,,,,,,,,未找到
寿益坊,徐汇,,,,,,,,,,未找到
金色港湾,徐汇,,,,,,,,,,未找到
汇成五村,徐汇,,,,,,,,,,未找到
永福里,徐汇,,,,,,,,,,未找到
汇成三村,徐汇,,,,,,,,,,未找到
安居湾,徐汇,,,,,,,,,,未找到
衡山路路家苑,徐汇,,,,,,,,,,未找到
衡山路路花苑,徐汇,,,,,,,,,,未找到
博雅绿苑,徐汇,,,,,,,,,,未找到
康强坊,徐汇,,,,,,,,,,未找到
温馨坊,徐汇,,,,,,,,,,未找到
阳光一期,徐汇,,,,,,,,,,未找到
衡山坊,徐汇,,,,,,,,,,未找到
富贵府,徐汇,,,,,,,,,,未找到
武康路花苑,徐汇,,,,,,,,,,未找到
乌鲁木齐中路花苑,徐汇,,,,,,,,,,未找到
嘉善路花园,徐汇,,,,,,,,,,未找到
复兴中路花苑,徐汇,,,,,,,,,,未找到
建国西路花园,徐汇,,,,,,,,,,未找到
永嘉路老洋房,徐汇,,,,,,,,,,未找到
梅陇十一村,徐汇,,,,,,,,,,未找到
银河府,徐汇,,,,,,,,,,未找到
世纪大楼,徐汇,,,,,,,,,,未找到
长桥街雅苑,徐汇,,,,,,,,,,未找到
康乐住宅,徐汇,,,,,,,,,,未找到
博雅新苑,徐汇,,,,,,,,,,未找到
百色路花苑,徐汇,,,,,,,,,,未找到
园南新村,徐汇,,,,,,,,,,未找到
罗秀新村,徐汇,,,,,,,,,,未找到
长桥花苑,徐汇,,,,,,,,,,未找到
嘉华坊,徐汇,,,,,,,,,,未找到
罗秀路花苑,徐汇,,,,,,,,,,未找到
长桥新村,徐汇,,,,,,,,,,未找到
百色路公寓,徐汇,,,,,,,,,,未找到
长桥小区,徐汇,,,,,,,,,,未找到
永福一期,徐汇,,,,,,,,,,未找到
阳光绿园,徐汇,,,,,,,,,,未找到
龙腾苑,徐汇,,,,,,,,,,未找到
陇南小区,徐汇,,,,,,,,,,未找到
天际花园,徐汇,,,,,,,,,,未找到
瑞景城,徐汇,,,,,,,,,,未找到
港汇花苑,徐汇,,,,,,,,,,未找到
龙华花苑,徐汇,,,,,,,,,,未找到
新家二期,徐汇,,,,,,,,,,未找到
云锦路花苑,徐汇,,,,,,,,,,未找到
龙吴花苑,徐汇,,,,,,,,,,未找到
新景三期,徐汇,,,,,,,,,,未找到
航天公寓,徐汇,,,,,,,,,,未找到
星光府,徐汇,,,,,,,,,,未找到
龙华家苑,徐汇,,,,,,,,,,未找到
鑫城盛苑,徐汇,,,,,,,,,,未找到
龙华新村,徐汇,,,,,,,,,,未找到
锦绣住宅,徐汇,,,,,,,,,,未找到
锦绣城,徐汇,,,,,,,,,,未找到
阳光家苑,徐汇,,,,,,,,,,未找到
龙华路嘉苑,徐汇,,,,,,,,,,未找到
银河丽苑,徐汇,,,,,,,,,,未找到
新世纪大楼,徐汇,,,,,,,,,,未找到
凤凰盛苑,徐汇,,,,,,,,,,未找到
红梅小区,长宁,,,,,,,,,,未找到
金虹桥国际,长宁,,,,,,,,,,未找到
新家家苑,长宁,,,,,,,,,,未找到
安居住宅,长宁,,,,,,,,,,未找到
长宁新苑,长宁,,,,,,,,,,未找到
嘉宝小区,长宁,,,,,,,,,,未找到
兆丰花苑,长宁,,,,,,,,,,未找到
吉祥广场,长宁,,,,,,,,,,未找到
中山公寓,长宁,,,,,,,,,,未找到
剑河家苑,长宁,,,,,,,,,,未找到
新景嘉苑,长宁,,,,,,,,,,未找到
中山公园街花苑,长宁,,,,,,,,,,未找到
嘉宝苑,长宁,,,,,,,,,,未找到
新城坊,长宁,,,,,,,,,,未找到
永泰广场,长宁,,,,,,,,,,未找到
幸福嘉苑,长宁,,,,,,,,,,未找到
动物园街锦苑,长宁,,,,,,,,,,未找到
动物园花园,长宁,,,,,,,,,,未找到
动物园镇花园,长宁,,,,,,,,,,未找到
翠竹小区,长宁,,,,,,,,,,未找到
动物园镇坊,长宁,,,,,,,,,,未找到
动物园路怡苑,长宁,,,,,,,,,,未找到
虹康花苑,长宁,,,,,,,,,,未找到
淞虹路花苑,长宁,,,,,,,,,,未找到
虹园一村,长宁,,,,,,,,,,未找到
银河公寓,长宁,,,,,,,,,,未找到
剑河路花苑,长宁,,,,,,,,,,未找到
永和公寓,长宁,,,,,,,,,,未找到
北新泾街住宅,长宁,,,,,,,,,,未找到
博雅小区,长宁,,,,,,,,,,未找到
金钟路公寓,长宁,,,,,,,,,,未找到
宜居弄,长宁,,,,,,,,,,未找到
星光住宅,长宁,,,,,,,,,,未找到
宏宇花苑,长宁,,,,,,,,,,未找到
碧夏小区,长宁,,,,,,,,,,未找到
新泾花苑,长宁,,,,,,,,,,未找到
嘉华小区,长宁,,,,,,,,,,未找到
银河嘉苑,长宁,,,,,,,,,,未找到
北新泾新村,长宁,,,,,,,,,,未找到
长宁馥邦苑,长宁,,,,,,,,,,未找到
沁秋小区,长宁,,,,,,,,,,未找到
虹桥万博花园,长宁,,,,,,,,,,未找到
新世纪嘉苑,长宁,,,,,,,,,,未找到
古北一期,长宁,,,,,,,,,,未找到
鑫城家苑,长宁,,,,,,,,,,未找到
和谐馨苑,长宁,,,,,,,,,,未找到
御翠坊,长宁,,,,,,,,,,未找到
古北花园,长宁,,,,,,,,,,未找到
古北国际花苑,长宁,,,,,,,,,,未找到
古北路大楼,长宁,,,,,,,,,,未找到
古北街雅苑,长宁,,,,,,,,,,未找到
古北御庭,长宁,,,,,,,,,,未找到
黄金城道步行街花苑,长宁,,,,,,,,,,未找到
黄金城道,长宁,,,,,,,,,,未找到
新都绿苑,长宁,,,,,,,,,,未找到
古北广场,长宁,,,,,,,,,,未找到
永宁大楼,长宁,,,,,,,,,,未找到
碧瑶花苑,长宁,,,,,,,,,,未找到
绿园一村,长宁,,,,,,,,,,未找到
瑞和府,长宁,,,,,,,,,,未找到
世纪丽苑,长宁,,,,,,,,,,未找到
盛世住宅,长宁,,,,,,,,,,未找到
晨曦广场,长宁,,,,,,,,,,未找到
天山路弄,长宁,,,,,,,,,,未找到
协合花苑,长宁,,,,,,,,,,未找到
天山路公寓,长宁,,,,,,,,,,未找到
天山路苑,长宁,,,,,,,,,,未找到
天山河畔,长宁,,,,,,,,,,未找到
天山花苑,长宁,,,,,,,,,,未找到
盛世城,长宁,,,,,,,,,,未找到
仙霞新村,长宁,,,,,,,,,,未找到
娄山关路花苑,长宁,,,,,,,,,,未找到
长宁路花苑,长宁,,,,,,,,,,未找到
瑞和新村,长宁,,,,,,,,,,未找到
宏伟三期,长宁,,,,,,,,,,未找到
宜居雅苑,长宁,,,,,,,,,,未找到
天山一村,长宁,,,,,,,,,,未找到
永安一期,长宁,,,,,,,,,,未找到
春天弄,长宁,,,,,,,,,,未找到
鑫城花苑,长宁,,,,,,,,,,未找到
宏伟里,长宁,,,,,,,,,,未找到
新华路镇庭,长宁,,,,,,,,,,未找到
晨曦小区,长宁,,,,,,,,,,未找到
仙霞大院,长宁,,,,,,,,,,未找到
盛世新村,长宁,,,,,,,,,,未找到
凤凰花园,长宁,,,,,,,,,,未找到
新华路街新村,长宁,,,,,,,,,,未找到
新华路街嘉苑,长宁,,,,,,,,,,未找到
新华路湾,长宁,,,,,,,,,,未找到
新华路路里,长宁,,,,,,,,,,未找到
锦绣小区,长宁,,,,,,,,,,未找到
新华路街花苑,长宁,,,,,,,,,,未找到
瑞冬小区,长宁,,,,,,,,,,未找到
江苏路府,长宁,,,,,,,,,,未找到
江苏路街里,长宁,,,,,,,,,,未找到
永兴城,长宁,,,,,,,,,,未找到
天山星城,长宁,,,,,,,,,,未找到
新泾五村,长宁,,,,,,,,,,未找到
新城新村,长宁,,,,,,,,,,未找到
江苏路路雅苑,长宁,,,,,,,,,,未找到
虹桥豪苑,长宁,,,,,,,,,,未找到
盛世绿苑,长宁,,,,,,,,,,未找到
江苏路街新村,长宁,,,,,,,,,,未找到
新都一期,长宁,,,,,,,,,,未找到
江苏路镇景苑,长宁,,,,,,,,,,未找到
江苏路坊,长宁,,,,,,,,,,未找到
河风丽景,长宁,,,,,,,,,,未找到
新都府,长宁,,,,,,,,,,未找到
嘉和新村,长宁,,,,,,,,,,未找到
江苏路广场,长宁,,,,,,,,,,未找到
瑞东小区,长宁,,,,,,,,,,未找到
鑫都城,长宁,,,,,,,,,,未找到
嘉泰二期,长宁,,,,,,,,,,未找到
永福新村,长宁,,,,,,,,,,未找到
程家桥路花苑,长宁,,,,,,,,,,未找到
金色广场,长宁,,,,,,,,,,未找到
万象里,长宁,,,,,,,,,,未找到
星光弄,长宁,,,,,,,,,,未找到
瑞丰里,长宁,,,,,,,,,,未找到
永兴花园,长宁,,,,,,,,,,未找到
鑫城新村,长宁,,,,,,,,,,未找到
程家桥花苑,长宁,,,,,,,,,,未找到
虹桥路公寓,长宁,,,,,,,,,,未找到
程家桥路弄,长宁,,,,,,,,,,未找到
绿洲三期,长宁,,,,,,,,,,未找到
嘉华花园,长宁,,,,,,,,,,未找到
万象广场,长宁,,,,,,,,,,未找到
新天地河滨花园,长宁,,,,,,,,,,未找到
嘉泰弄,长宁,,,,,,,,,,未找到
银河庭,长宁,,,,,,,,,,未找到
安顺路365号,长宁,,,,,,,,,,未找到
永安庭,长宁,,,,,,,,,,未找到
御翠豪庭,长宁,,,,,,,,,,未找到
虹桥绿苑,长宁,,,,,,,,,,未找到
瑞丰二期,长宁,,,,,,,,,,未找到
虹桥天都花苑,长宁,,,,,,,,,,未找到
新都家苑,长宁,,,,,,,,,,未找到
富贵住宅,长宁,,,,,,,,,,未找到
虹桥万博,长宁,,,,,,,,,,未找到
明珠广场,长宁,,,,,,,,,,未找到
名都城,长宁,,,,,,,,,,未找到
虹桥路盛苑,长宁,,,,,,,,,,未找到
虹桥花苑,长宁,,,,,,,,,,未找到
新景家苑,长宁,,,,,,,,,,未找到
广友小区,长宁,,,,,,,,,,未找到
新城城,长宁,,,,,,,,,,未找到
西郊住宅,长宁,,,,,,,,,,未找到
西郊街新苑,长宁,,,,,,,,,,未找到
鑫都苑,长宁,,,,,,,,,,未找到
檀宫,长宁,,,,,,,,,,未找到
西郊路华庭,长宁,,,,,,,,,,未找到
万象花苑,长宁,,,,,,,,,,未找到
银河花园,长宁,,,,,,,,,,未找到
西郊新村,长宁,,,,,,,,,,未找到
西郊街花园,长宁,,,,,,,,,,未找到
西郊镇馨苑,长宁,,,,,,,,,,未找到
永乐怡苑,长宁,,,,,,,,,,未找到
西郊镇公寓,长宁,,,,,,,,,,未找到
西郊街坊,长宁,,,,,,,,,,未找到
嘉宝家苑,长宁,,,,,,,,,,未找到
鑫城里,长宁,,,,,,,,,,未找到
新泾三村,长宁,,,,,,,,,,未找到
嘉和绿苑,静安,,,,,,,,,,未找到
北站街广场,静安,,,,,,,,,,未找到
北站湾,静安,,,,,,,,,,未找到
瑞丰城,静安,,,,,,,,,,未找到
永宁苑,静安,,,,,,,,,,未找到
世纪苑,静安,,,,,,,,,,未找到
绿洲嘉苑,静安,,,,,,,,,,未找到
达安锦园二期,静安,,,,,,,,,,未找到
华侨城苏河湾,静安,,,,,,,,,,未找到
北站街和苑,静安,,,,,,,,,,未找到
嘉泰苑,静安,,,,,,,,,,未找到
北站路锦苑,静安,,,,,,,,,,未找到
嘉华庭,静安,,,,,,,,,,未找到
北站镇佳苑,静安,,,,,,,,,,未找到
北站一期,静安,,,,,,,,,,未找到
北站路佳苑,静安,,,,,,,,,,未找到
嘉泰花园,静安,,,,,,,,,,未找到
幸福小区,静安,,,,,,,,,,未找到
南京西路街家苑,静安,,,,,,,,,,未找到
嘉里华庭,静安,,,,,,,,,,未找到
阳光丽苑,静安,,,,,,,,,,未找到
绿洲盛苑,静安,,,,,,,,,,未找到
南京西路街公寓,静安,,,,,,,,,,未找到
宏达华庭,静安,,,,,,,,,,未找到
达安花苑,静安,,,,,,,,,,未找到
鑫城二期,静安,,,,,,,,,,未找到
静安壹号,静安,,,,,,,,,,未找到
静安府,静安,,,,,,,,,,未找到
永安花园,静安,,,,,,,,,,未找到
铜仁路公寓,静安,,,,,,,,,,未找到
永福怡苑,静安,,,,,,,,,,未找到
保德公寓,静安,,,,,,,,,,未找到
南阳路花苑,静安,,,,,,,,,,未找到
大宁德必花苑,静安,,,,,,,,,,未找到
金色小区,静安,,,,,,,,,,未找到
大宁国际花苑,静安,,,,,,,,,,未找到
共康四村,静安,,,,,,,,,,未找到
大宁苑,静安,,,,,,,,,,未找到
慧芝湖花苑,静安,,,,,,,,,,未找到
龙腾城,静安,,,,,,,,,,未找到
大宁住宅,静安,,,,,,,,,,未找到
大宁金茂府,静安,,,,,,,,,,未找到
广中路花苑,静安,,,,,,,,,,未找到
新世纪庭,静安,,,,,,,,,,未找到
康乐花苑,静安,,,,,,,,,,未找到
大宁风华,静安,,,,,,,,,,未找到
新家绿苑,静安,,,,,,,,,,未找到
瑞景里,静安,,,,,,,,,,未找到
大宁瑞仕,静安,,,,,,,,,,未找到
新都锦苑,静安,,,,,,,,,,未找到
鑫城住宅,静安,,,,,,,,,,未找到
凤凰锦苑,静安,,,,,,,,,,未找到
天目西镇盛苑,静安,,,,,,,,,,未找到
天目西街景苑,静安,,,,,,,,,,未找到
瑞景府,静安,,,,,,,,,,未找到
嘉泰庭,静安,,,,,,,,,,未找到
瑞和小区,静安,,,,,,,,,,未找到
天目西镇绿苑,静安,,,,,,,,,,未找到
温馨里,静安,,,,,,,,,,未找到
天目西街丽苑,静安,,,,,,,,,,未找到
天目西湾,静安,,,,,,,,,,未找到
天目西街雅苑,静安,,,,,,,,,,未找到
永兴弄,静安,,,,,,,,,,未找到
新景新苑,静安,,,,,,,,,,未找到
新家丽苑,静安,,,,,,,,,,未找到
康乐嘉苑,静安,,,,,,,,,,未找到
星光新村,静安,,,,,,,,,,未找到
鑫城弄,静安,,,,,,,,,,未找到
和谐丽苑,静安,,,,,,,,,,未找到
永福花苑,静安,,,,,,,,,,未找到
银河城,静安,,,,,,,,,,未找到
延平路路城,静安,,,,,,,,,,未找到
延平路街锦苑,静安,,,,,,,,,,未找到
宜居绿苑,静安,,,,,,,,,,未找到
永丰小区,静安,,,,,,,,,,未找到
延平路街新苑,静安,,,,,,,,,,未找到
延平路路坊,静安,,,,,,,,,,未找到
延平路镇新村,静安,,,,,,,,,,未找到
延平路公寓,静安,,,,,,,,,,未找到
永宁湾,静安,,,,,,,,,,未找到
晨曦里,静安,,,,,,,,,,未找到
幸福小镇,静安,,,,,,,,,,未找到
晨曦景苑,静安,,,,,,,,,,未找到
新梅共和城,静安,,,,,,,,,,未找到
新世纪锦苑,静安,,,,,,,,,,未找到
吉祥弄,静安,,,,,,,,,,未找到
场中路花苑,静安,,,,,,,,,,未找到
宏达雅苑,静安,,,,,,,,,,未找到
汶水路花苑,静安,,,,,,,,,,未找到
星光城,静安,,,,,,,,,,未找到
临汾路小区,静安,,,,,,,,,,未找到
彭浦花苑,静安,,,,,,,,,,未找到
彭浦新村,静安,,,,,,,,,,未找到
保德路公寓,静安,,,,,,,,,,未找到
瑞丰苑,静安,,,,,,,,,,未找到
阳光府,静安,,,,,,,,,,未找到
凤凰嘉苑,静安,,,,,,,,,,未找到
静安紫苑,静安,,,,,,,,,,未找到
博雅大楼,静安,,,,,,,,,,未找到
晨曦城,静安,,,,,,,,,,未找到
长寿路公寓,静安,,,,,,,,,,未找到
武定路公寓,静安,,,,,,,,,,未找到
曹家渡花苑,静安,,,,,,,,,,未找到
世纪住宅,静安,,,,,,,,,,未找到
盛世盛苑,静安,,,,,,,,,,未找到
瑞丰新苑,静安,,,,,,,,,,未找到
凤凰一期,静安,,,,,,,,,,未找到
新世纪丽苑,静安,,,,,,,,,,未找到
太平住宅,静安,,,,,,,,,,未找到
鑫都一期,静安,,,,,,,,,,未找到
星光坊,静安,,,,,,,,,,未找到
江宁路花苑,静安,,,,,,,,,,未找到
昌化路花苑,静安,,,,,,,,,,未找到
恒丰路花苑,静安,,,,,,,,,,未找到
静安晶华,静安,,,,,,,,,,未找到
温馨府,静安,,,,,,,,,,未找到
永福苑,静安,,,,,,,,,,未找到
瑞景庭,静安,,,,,,,,,,未找到
粤秀花苑,静安,,,,,,,,,,未找到
永福家苑,静安,,,,,,,,,,未找到
盛世锦苑,静安,,,,,,,,,,未找到
芷江花苑,静安,,,,,,,,,,未找到
嘉泰盛苑,静安,,,,,,,,,,未找到
中凯城市之光,静安,,,,,,,,,,未找到
博雅府,静安,,,,,,,,,,未找到
达安花园,静安,,,,,,,,,,未找到
绿洲新苑,静安,,,,,,,,,,未找到
银河锦苑,静安,,,,,,,,,,未找到
三泉公寓,静安,,,,,,,,,,未找到
永泰二期,静安,,,,,,,,,,未找到
世纪庭,静安,,,,,,,,,,未找到
嘉和丽苑,静安,,,,,,,,,,未找到
宏达绿苑,静安,,,,,,,,,,未找到
静安寺街盛苑,静安,,,,,,,,,,未找到
嘉泰府,静安,,,,,,,,,,未找到
和谐花苑,静安,,,,,,,,,,未找到
静安寺怡苑,静安,,,,,,,,,,未找到
静安寺镇里,静安,,,,,,,,,,未找到
静安寺城,静安,,,,,,,,,,未找到
新家小区,静安,,,,,,,,,,未找到
静安寺街新村,静安,,,,,,,,,,未找到
静安寺街花园,静安,,,,,,,,,,未找到
静安寺街城,静安,,,,,,,,,,未找到
新景苑,静安,,,,,,,,,,未找到
新世纪家苑,普陀,,,,,,,,,,未找到
真北二街坊,普陀,,,,,,,,,,未找到
万里广场,普陀,,,,,,,,,,未找到
嘉泰广场,普陀,,,,,,,,,,未找到
万里苑,普陀,,,,,,,,,,未找到
万里镇家苑,普陀,,,,,,,,,,未找到
瑞景新苑,普陀,,,,,,,,,,未找到
万里雅苑,普陀,,,,,,,,,,未找到
万里街府,普陀,,,,,,,,,,未找到
阳光怡苑,普陀,,,,,,,,,,未找到
中环花苑,普陀,,,,,,,,,,未找到
万里镇景苑,普陀,,,,,,,,,,未找到
万里镇花园,普陀,,,,,,,,,,未找到
甘泉公寓,普陀,,,,,,,,,,未找到
光新馨苑,普陀,,,,,,,,,,未找到
长风四村,普陀,,,,,,,,,,未找到
宜居小区,普陀,,,,,,,,,,未找到
水岸豪庭,普陀,,,,,,,,,,未找到
光新公寓,普陀,,,,,,,,,,未找到
金色里,普陀,,,,,,,,,,未找到
桃浦四村,普陀,,,,,,,,,,未找到
春天家苑,普陀,,,,,,,,,,未找到
光新镇雅苑,普陀,,,,,,,,,,未找到
明珠小区,普陀,,,,,,,,,,未找到
温馨二期,普陀,,,,,,,,,,未找到
盛世华庭,普陀,,,,,,,,,,未找到
光新镇绿苑,普陀,,,,,,,,,,未找到
光新街坊,普陀,,,,,,,,,,未找到
永乐馨苑,普陀,,,,,,,,,,未找到
光新路馨苑,普陀,,,,,,,,,,未找到
光新路苑,普陀,,,,,,,,,,未找到
十里都华,普陀,,,,,,,,,,未找到
曹杨花苑北区,普陀,,,,,,,,,,未找到
梅岭苑,普陀,,,,,,,,,,未找到
书香名第黎金苑,普陀,,,,,,,,,,未找到
桃浦六村,普陀,,,,,,,,,,未找到
世纪同乐,普陀,,,,,,,,,,未找到
曹杨二村,普陀,,,,,,,,,,未找到
宜川花苑,普陀,,,,,,,,,,未找到
嘉华广场,普陀,,,,,,,,,,未找到
永和一期,普陀,,,,,,,,,,未找到
宜川花苑二期,普陀,,,,,,,,,,未找到
交通路花苑,普陀,,,,,,,,,,未找到
北巷小区,普陀,,,,,,,,,,未找到
宜居坊,普陀,,,,,,,,,,未找到
安居金祁新城,普陀,,,,,,,,,,未找到
阳光馨苑,普陀,,,,,,,,,,未找到
宜川景苑,普陀,,,,,,,,,,未找到
宏达公寓,普陀,,,,,,,,,,未找到
芝巷小区,普陀,,,,,,,,,,未找到
永安馨苑,普陀,,,,,,,,,,未找到
中山北路公寓,普陀,,,,,,,,,,未找到
银河华庭,普陀,,,,,,,,,,未找到
永福二期,普陀,,,,,,,,,,未找到
永乐弄,普陀,,,,,,,,,,未找到
中远两湾城二期,普陀,,,,,,,,,,未找到
怒江小区,普陀,,,,,,,,,,未找到
东泉苑,普陀,,,,,,,,,,未找到
中浩云花园,普陀,,,,,,,,,,未找到
宝华城市之星,普陀,,,,,,,,,,未找到
达安春之声花园,普陀,,,,,,,,,,未找到
开开大楼,普陀,,,,,,,,,,未找到
新城花园,普陀,,,,,,,,,,未找到
合阳小区,普陀,,,,,,,,,,未找到
绿洲苑,普陀,,,,,,,,,,未找到
鑫城锦苑,普陀,,,,,,,,,,未找到
鑫城城,普陀,,,,,,,,,,未找到
曹杨街大楼,普陀,,,,,,,,,,未找到
桃浦五村,普陀,,,,,,,,,,未找到
枫桥路花苑,普陀,,,,,,,,,,未找到
兰溪路花苑,普陀,,,,,,,,,,未找到
金色盛苑,普陀,,,,,,,,,,未找到
新家公寓,普陀,,,,,,,,,,未找到
新景新村,普陀,,,,,,,,,,未找到
秋月枫舍,普陀,,,,,,,,,,未找到
曹杨花苑,普陀,,,,,,,,,,未找到
明珠丽苑,普陀,,,,,,,,,,未找到
龙腾花苑,普陀,,,,,,,,,,未找到
曹杨新村,普陀,,,,,,,,,,未找到
白玉路花苑,普陀,,,,,,,,,,未找到
古浪路花苑,普陀,,,,,,,,,,未找到
桃浦路二期,普陀,,,,,,,,,,未找到
桃浦花苑,普陀,,,,,,,,,,未找到
新杨和苑,普陀,,,,,,,,,,未找到
武威路花苑,普陀,,,,,,,,,,未找到
永安大楼,普陀,,,,,,,,,,未找到
长风三村,普陀,,,,,,,,,,未找到
祁连山路,普陀,,,,,,,,,,未找到
龙腾雅苑,普陀,,,,,,,,,,未找到
桃浦新村,普陀,,,,,,,,,,未找到
光新路129弄,普陀,,,,,,,,,,未找到
甘泉路苑,普陀,,,,,,,,,,未找到
甘泉镇和苑,普陀,,,,,,,,,,未找到
甘泉苑,普陀,,,,,,,,,,未找到
甘泉镇新苑,普陀,,,,,,,,,,未找到
甘泉镇兴苑,普陀,,,,,,,,,,未找到
大华清水湾花园三期华府樟园,普陀,,,,,,,,,,未找到
鑫都公寓,普陀,,,,,,,,,,未找到
嘉华三期,普陀,,,,,,,,,,未找到
甘泉路馨苑,普陀,,,,,,,,,,未找到
祥和名邸,普陀,,,,,,,,,,未找到
永宁小区,普陀,,,,,,,,,,未找到
万象锦苑,普陀,,,,,,,,,,未找到
嘉华景苑,普陀,,,,,,,,,,未找到
甘泉路嘉苑,普陀,,,,,,,,,,未找到
甘泉路花苑,普陀,,,,,,,,,,未找到
新家盛苑,普陀,,,,,,,,,,未找到
宜居花园,普陀,,,,,,,,,,未找到
真如翠英花苑,普陀,,,,,,,,,,未找到
锦绣雅苑,普陀,,,,,,,,,,未找到
海棠城,普陀,,,,,,,,,,未找到
真如雅苑,普陀,,,,,,,,,,未找到
鑫城一期,普陀,,,,,,,,,,未找到
星河世纪城,普陀,,,,,,,,,,未找到
曹杨六村,普陀,,,,,,,,,,未找到
永安雅苑,普陀,,,,,,,,,,未找到
真情公寓,普陀,,,,,,,,,,未找到
真光路花苑,普陀,,,,,,,,,,未找到
安居景苑,普陀,,,,,,,,,,未找到
真如高尔夫,普陀,,,,,,,,,,未找到
真如街庭,普陀,,,,,,,,,,未找到
真如路锦苑,普陀,,,,,,,,,,未找到
新世纪盛苑,普陀,,,,,,,,,,未找到
嘉和苑,普陀,,,,,,,,,,未找到
永福花园,普陀,,,,,,,,,,未找到
绿洲城市花园,普陀,,,,,,,,,,未找到
真如丽苑,普陀,,,,,,,,,,未找到
嘉宝花园,普陀,,,,,,,,,,未找到
永丰弄,普陀,,,,,,,,,,未找到
石泉路广场,普陀,,,,,,,,,,未找到
石泉城,普陀,,,,,,,,,,未找到
石泉街雅苑,普陀,,,,,,,,,,未找到
石泉路怡苑,普陀,,,,,,,,,,未找到
鑫都馨苑,普陀,,,,,,,,,,未找到
幸福二期,普陀,,,,,,,,,,未找到
新城怡苑,普陀,,,,,,,,,,未找到
象源丽都,普陀,,,,,,,,,,未找到
世纪景苑,普陀,,,,,,,,,,未找到
石泉镇景苑,普陀,,,,,,,,,,未找到
石泉街里,普陀,,,,,,,,,,未找到
新都大楼,普陀,,,,,,,,,,未找到
滨湖家园,普陀,,,,,,,,,,未找到
新家新村,普陀,,,,,,,,,,未找到
太平二期,普陀,,,,,,,,,,未找到
绿洲湾,普陀,,,,,,,,,,未找到
石泉镇公寓,普陀,,,,,,,,,,未找到
中环家园,普陀,,,,,,,,,,未找到
祥和家园,普陀,,,,,,,,,,未找到
管弄五六街坊,普陀,,,,,,,,,,未找到
中星海上名庭,普陀,,,,,,,,,,未找到
世纪之门,普陀,,,,,,,,,,未找到
嘉和里,普陀,,,,,,,,,,未找到
嘉华嘉苑,普陀,,,,,,,,,,未找到
安居锦苑,普陀,,,,,,,,,,未找到
瑞和大楼,普陀,,,,,,,,,,未找到
长寿路街住宅,普陀,,,,,,,,,,未找到
长寿花苑,普陀,,,,,,,,,,未找到
东方丽苑,普陀,,,,,,,,,,未找到
中远花苑,普陀,,,,,,,,,,未找到
绿洲庭,普陀,,,,,,,,,,未找到
瑞景家苑,普陀,,,,,,,,,,未找到
永和大楼,普陀,,,,,,,,,,未找到
长寿路街雅苑,普陀,,,,,,,,,,未找到
长寿路绿苑,普陀,,,,,,,,,,未找到
长寿路坊,普陀,,,,,,,,,,未找到
宏宇绿苑,普陀,,,,,,,,,,未找到
武宁路公寓,普陀,,,,,,,,,,未找到
昌化路公寓,普陀,,,,,,,,,,未找到
温馨弄,普陀,,,,,,,,,,未找到
雅戈尔长风8号,普陀,,,,,,,,,,未找到
中远两湾城,普陀,,,,,,,,,,未找到
大华清水湾花园,普陀,,,,,,,,,,未找到
长征街庭,普陀,,,,,,,,,,未找到
长征路名邸,普陀,,,,,,,,,,未找到
真源小区,普陀,,,,,,,,,,未找到
长征街丽苑,普陀,,,,,,,,,,未找到
长征路花苑,普陀,,,,,,,,,,未找到
长征嘉苑,普陀,,,,,,,,,,未找到
长征锦苑,普陀,,,,,,,,,,未找到
龙腾新苑,普陀,,,,,,,,,,未找到
金沙江路花苑,普陀,,,,,,,,,,未找到
新都坊,普陀,,,,,,,,,,未找到
明珠大楼,普陀,,,,,,,,,,未找到
绿洲花苑,普陀,,,,,,,,,,未找到
西部大楼,普陀,,,,,,,,,,未找到
长征路家苑,普陀,,,,,,,,,,未找到
永丰丽苑,普陀,,,,,,,,,,未找到
长征街花苑,普陀,,,,,,,,,,未找到
中山润园,普陀,,,,,,,,,,未找到
站新村,普陀,,,,,,,,,,未找到
万景园,普陀,,,,,,,,,,未找到
凉城路锦苑,虹口,,,,,,,,,,未找到
凉城街景苑,虹口,,,,,,,,,,未找到
凉城镇景苑,虹口,,,,,,,,,,未找到
凉城街府,虹口,,,,,,,,,,未找到
凉城城,虹口,,,,,,,,,,未找到
新景坊,虹口,,,,,,,,,,未找到
凉城街二期,虹口,,,,,,,,,,未找到
康乐苑,虹口,,,,,,,,,,未找到
凉城路花园,虹口,,,,,,,,,,未找到
富贵花园,虹口,,,,,,,,,,未找到
广灵路花苑,虹口,,,,,,,,,,未找到
瑞景丽苑,虹口,,,,,,,,,,未找到
新都小区,虹口,,,,,,,,,,未找到
凉城街锦苑,虹口,,,,,,,,,,未找到
银河里,虹口,,,,,,,,,,未找到
龙腾湾,虹口,,,,,,,,,,未找到
纪念小区,虹口,,,,,,,,,,未找到
北外滩花苑,虹口,,,,,,,,,,未找到
海伦路花苑,虹口,,,,,,,,,,未找到
盛世新苑,虹口,,,,,,,,,,未找到
海泰花苑,虹口,,,,,,,,,,未找到
永宁坊,虹口,,,,,,,,,,未找到
北外滩路里,虹口,,,,,,,,,,未找到
瑞虹新城,虹口,,,,,,,,,,未找到
北外滩街盛苑,虹口,,,,,,,,,,未找到
世纪一期,虹口,,,,,,,,,,未找到
耀江花苑,虹口,,,,,,,,,,未找到
白金府邸,虹口,,,,,,,,,,未找到
嘉兴路路苑,虹口,,,,,,,,,,未找到
嘉兴路镇坊,虹口,,,,,,,,,,未找到
宏伟家苑,虹口,,,,,,,,,,未找到
瑞丰花苑,虹口,,,,,,,,,,未找到
翠竹府,虹口,,,,,,,,,,未找到
嘉兴路街华庭,虹口,,,,,,,,,,未找到
嘉兴路城,虹口,,,,,,,,,,未找到
嘉兴路镇庭,虹口,,,,,,,,,,未找到
嘉兴路路弄,虹口,,,,,,,,,,未找到
春天坊,虹口,,,,,,,,,,未找到
嘉兴路锦苑,虹口,,,,,,,,,,未找到
嘉兴路丽苑,虹口,,,,,,,,,,未找到
嘉和大楼,虹口,,,,,,,,,,未找到
宏伟坊,虹口,,,,,,,,,,未找到
东方华庭,虹口,,,,,,,,,,未找到
凉城花苑,虹口,,,,,,,,,,未找到
虹口花苑,虹口,,,,,,,,,,未找到
多伦路花苑,虹口,,,,,,,,,,未找到
新家坊,虹口,,,,,,,,,,未找到
新世纪弄,虹口,,,,,,,,,,未找到
四川北路二期,虹口,,,,,,,,,,未找到
四川北路街家苑,虹口,,,,,,,,,,未找到
四川北路公寓,虹口,,,,,,,,,,未找到
四川北路坊,虹口,,,,,,,,,,未找到
和谐雅苑,虹口,,,,,,,,,,未找到
永福弄,虹口,,,,,,,,,,未找到
海泰时代大厦,虹口,,,,,,,,,,未找到
金色三期,虹口,,,,,,,,,,未找到
龙腾三期,虹口,,,,,,,,,,未找到
密云路公寓,虹口,,,,,,,,,,未找到
曲阳路花苑,虹口,,,,,,,,,,未找到
曲阳街广场,虹口,,,,,,,,,,未找到
玉田路花苑,虹口,,,,,,,,,,未找到
赤峰路花苑,虹口,,,,,,,,,,未找到
运光路花苑,虹口,,,,,,,,,,未找到
曲阳新村,虹口,,,,,,,,,,未找到
曲阳街坊,虹口,,,,,,,,,,未找到
曲阳花苑,虹口,,,,,,,,,,未找到
欧阳街兴苑,虹口,,,,,,,,,,未找到
虹口华苑,虹口,,,,,,,,,,未找到
欧阳弄,虹口,,,,,,,,,,未找到
欧阳湾,虹口,,,,,,,,,,未找到
欧阳庭,虹口,,,,,,,,,,未找到
嘉和住宅,虹口,,,,,,,,,,未找到
世纪新村,虹口,,,,,,,,,,未找到
欧阳二期,虹口,,,,,,,,,,未找到
温馨雅苑,虹口,,,,,,,,,,未找到
欧阳路华庭,虹口,,,,,,,,,,未找到
银河雅苑,虹口,,,,,,,,,,未找到
欧阳路里,虹口,,,,,,,,,,未找到
永宁广场,虹口,,,,,,,,,,未找到
江湾路怡苑,虹口,,,,,,,,,,未找到
江湾镇景苑,虹口,,,,,,,,,,未找到
新世纪绿苑,虹口,,,,,,,,,,未找到
江湾锦苑,虹口,,,,,,,,,,未找到
江湾街馨苑,虹口,,,,,,,,,,未找到
太平坊,虹口,,,,,,,,,,未找到
吉祥公寓,虹口,,,,,,,,,,未找到
逸仙路花苑,虹口,,,,,,,,,,未找到
江湾街花苑,虹口,,,,,,,,,,未找到
车站南路花苑,虹口,,,,,,,,,,未找到
江湾镇公寓,虹口,,,,,,,,,,未找到
江湾路新苑,虹口,,,,,,,,,,未找到
永兴小区,虹口,,,,,,,,,,未找到
春天华庭,虹口,,,,,,,,,,未找到
太平大楼,虹口,,,,,,,,,,未找到
鲁迅公园街花苑,虹口,,,,,,,,,,未找到
东方新村,虹口,,,,,,,,,,未找到
新都新苑,虹口,,,,,,,,,,未找到
华二小区,虹口,,,,,,,,,,未找到
锦绣庭,虹口,,,,,,,,,,未找到
鲁迅花苑,虹口,,,,,,,,,,未找到
晨曦花苑,虹口,,,,,,,,,,未找到
甜爱路公寓,虹口,,,,,,,,,,未找到
鑫都新村,虹口,,,,,,,,,,未找到
山阴路花苑,虹口,,,,,,,,,,未找到
虹口足球场公寓,虹口,,,,,,,,,,未找到
鲁迅公园路住宅,虹口,,,,,,,,,,未找到
永福府,虹口,,,,,,,,,,未找到
星光苑,杨浦,,,,,,,,,,未找到
同济新村,杨浦,,,,,,,,,,未找到
黑山路花苑,杨浦,,,,,,,,,,未找到
宏宇一期,杨浦,,,,,,,,,,未找到
政立路花苑,杨浦,,,,,,,,,,未找到
五角场街住宅,杨浦,,,,,,,,,,未找到
国定路花苑,杨浦,,,,,,,,,,未找到
东方湾,杨浦,,,,,,,,,,未找到
嘉宝馨苑,杨浦,,,,,,,,,,未找到
万达公寓,杨浦,,,,,,,,,,未找到
宏宇住宅,杨浦,,,,,,,,,,未找到
政民路花苑,杨浦,,,,,,,,,,未找到
春天锦苑,杨浦,,,,,,,,,,未找到
五角场花园,杨浦,,,,,,,,,,未找到
创智天地,杨浦,,,,,,,,,,未找到
五角场盛苑,杨浦,,,,,,,,,,未找到
五角场路庭,杨浦,,,,,,,,,,未找到
富贵锦苑,杨浦,,,,,,,,,,未找到
万象一期,杨浦,,,,,,,,,,未找到
新世纪景苑,杨浦,,,,,,,,,,未找到
紫罗兰家苑,杨浦,,,,,,,,,,未找到
大桥花苑,杨浦,,,,,,,,,,未找到
平凉路花苑,杨浦,,,,,,,,,,未找到
杨树浦路花苑,杨浦,,,,,,,,,,未找到
永泰雅苑,杨浦,,,,,,,,,,未找到
杨浦大桥公寓,杨浦,,,,,,,,,,未找到
尚浦名邸,杨浦,,,,,,,,,,未找到
嘉泰丽苑,杨浦,,,,,,,,,,未找到
鑫都景苑,杨浦,,,,,,,,,,未找到
博雅公寓,杨浦,,,,,,,,,,未找到
定海华庭,杨浦,,,,,,,,,,未找到
定海路花苑,杨浦,,,,,,,,,,未找到
永和府,杨浦,,,,,,,,,,未找到
安居新苑,杨浦,,,,,,,,,,未找到
嘉华新村,杨浦,,,,,,,,,,未找到
定海桥路庭,杨浦,,,,,,,,,,未找到
万象花园,杨浦,,,,,,,,,,未找到
永福大楼,杨浦,,,,,,,,,,未找到
翠竹苑,杨浦,,,,,,,,,,未找到
现代星洲城,杨浦,,,,,,,,,,未找到
定海桥弄,杨浦,,,,,,,,,,未找到
定海桥镇庭,杨浦,,,,,,,,,,未找到
瑞景住宅,杨浦,,,,,,,,,,未找到
太平小区,杨浦,,,,,,,,,,未找到
鑫城新苑,杨浦,,,,,,,,,,未找到
定海桥路花园,杨浦,,,,,,,,,,未找到
定海桥街新苑,杨浦,,,,,,,,,,未找到
定海桥街花苑,杨浦,,,,,,,,,,未找到
瑞丰华庭,杨浦,,,,,,,,,,未找到
平凉路镇丽苑,杨浦,,,,,,,,,,未找到
新城二期,杨浦,,,,,,,,,,未找到
平凉路路兴苑,杨浦,,,,,,,,,,未找到
平凉路镇庭,杨浦,,,,,,,,,,未找到
宏宇馨苑,杨浦,,,,,,,,,,未找到
平凉路街和苑,杨浦,,,,,,,,,,未找到
新城一期,杨浦,,,,,,,,,,未找到
平凉路街怡苑,杨浦,,,,,,,,,,未找到
平凉路三期,杨浦,,,,,,,,,,未找到
平凉路街馨苑,杨浦,,,,,,,,,,未找到
安居绿苑,杨浦,,,,,,,,,,未找到
永安城,杨浦,,,,,,,,,,未找到
温馨三期,杨浦,,,,,,,,,,未找到
控江路广场,杨浦,,,,,,,,,,未找到
上海大花园,杨浦,,,,,,,,,,未找到
控江路嘉苑,杨浦,,,,,,,,,,未找到
控江花苑,杨浦,,,,,,,,,,未找到
银河景苑,杨浦,,,,,,,,,,未找到
延吉路花苑,杨浦,,,,,,,,,,未找到
凤城花苑,杨浦,,,,,,,,,,未找到
绿洲一期,杨浦,,,,,,,,,,未找到
城市庭园,杨浦,,,,,,,,,,未找到
周家嘴路花苑,杨浦,,,,,,,,,,未找到
鑫城雅苑,杨浦,,,,,,,,,,未找到
控江路公寓,杨浦,,,,,,,,,,未找到
控江路一期,杨浦,,,,,,,,,,未找到
控江路庭,杨浦,,,,,,,,,,未找到
控江景苑,杨浦,,,,,,,,,,未找到
明珠弄,杨浦,,,,,,,,,,未找到
长白新村,杨浦,,,,,,,,,,未找到
宜居盛苑,杨浦,,,,,,,,,,未找到
控江四村,杨浦,,,,,,,,,,未找到
绿洲大楼,杨浦,,,,,,,,,,未找到
政和路花苑,杨浦,,,,,,,,,,未找到
政学路花苑,杨浦,,,,,,,,,,未找到
永安嘉苑,杨浦,,,,,,,,,,未找到
博雅庭,杨浦,,,,,,,,,,未找到
九龙仓,杨浦,,,,,,,,,,未找到
星光一期,杨浦,,,,,,,,,,未找到
晨曦庭,杨浦,,,,,,,,,,未找到
康乐大楼,杨浦,,,,,,,,,,未找到
尚景花苑,杨浦,,,,,,,,,,未找到
仁恒怡庭,杨浦,,,,,,,,,,未找到
新城盛苑,杨浦,,,,,,,,,,未找到
殷行街佳苑,杨浦,,,,,,,,,,未找到
殷行街苑,杨浦,,,,,,,,,,未找到
殷行街家苑,杨浦,,,,,,,,,,未找到
殷行街湾,杨浦,,,,,,,,,,未找到
殷行路名邸,杨浦,,,,,,,,,,未找到
殷行和苑,杨浦,,,,,,,,,,未找到
开鲁路花苑,杨浦,,,,,,,,,,未找到
殷行花苑,杨浦,,,,,,,,,,未找到
殷行镇新苑,杨浦,,,,,,,,,,未找到
市光路花苑,杨浦,,,,,,,,,,未找到
殷行镇景苑,杨浦,,,,,,,,,,未找到
永泰府,杨浦,,,,,,,,,,未找到
同济绿园,杨浦,,,,,,,,,,未找到
宏伟嘉苑,杨浦,,,,,,,,,,未找到
殷行路城,杨浦,,,,,,,,,,未找到
江浦路街广场,杨浦,,,,,,,,,,未找到
嘉和嘉苑,杨浦,,,,,,,,,,未找到
宝地东花园,杨浦,,,,,,,,,,未找到
江浦路街丽苑,杨浦,,,,,,,,,,未找到
绿洲花园,杨浦,,,,,,,,,,未找到
江浦路路雅苑,杨浦,,,,,,,,,,未找到
明珠里,杨浦,,,,,,,,,,未找到
江浦路镇绿苑,杨浦,,,,,,,,,,未找到
江浦路路嘉苑,杨浦,,,,,,,,,,未找到
江浦路花园,杨浦,,,,,,,,,,未找到
新家新苑,杨浦,,,,,,,,,,未找到
太平怡苑,杨浦,,,,,,,,,,未找到
江浦路街馨苑,杨浦,,,,,,,,,,未找到
华升新苑,杨浦,,,,,,,,,,未找到
长阳路街锦苑,杨浦,,,,,,,,,,未找到
阳光弄,杨浦,,,,,,,,,,未找到
绿洲坊,杨浦,,,,,,,,,,未找到
新世纪苑,杨浦,,,,,,,,,,未找到
宏达丽苑,杨浦,,,,,,,,,,未找到
龙腾大楼,杨浦,,,,,,,,,,未找到
长阳路街华庭,杨浦,,,,,,,,,,未找到
永福城,杨浦,,,,,,,,,,未找到
世纪盛苑,杨浦,,,,,,,,,,未找到
长阳路路城,杨浦,,,,,,,,,,未找到
保辉香景园,杨浦,,,,,,,,,,未找到
华润置地橡树湾,杨浦,,,,,,,,,,未找到
长阳路路公寓,杨浦,,,,,,,,,,未找到
长阳路镇府,杨浦,,,,,,,,,,未找到
长阳路苑,杨浦,,,,,,,,,,未找到
长阳路坊,杨浦,,,,,,,,,,未找到
瑞丰住宅,杨浦,,,,,,,,,,未找到
本溪路花苑,杨浦,,,,,,,,,,未找到
鞍山街盛苑,杨浦,,,,,,,,,,未找到
打虎山路花苑,杨浦,,,,,,,,,,未找到
鞍山花苑,杨浦,,,,,,,,,,未找到
鞍山新村,杨浦,,,,,,,,,,未找到
世纪华庭,杨浦,,,,,,,,,,未找到
凤凰坊,杨浦,,,,,,,,,,未找到
世纪新苑,杨浦,,,,,,,,,,未找到
晨曦三期,杨浦,,,,,,,,,,未找到
富贵广场,杨浦,,,,,,,,,,未找到
太平新村,杨浦,,,,,,,,,,未找到
新景大楼,杨浦,,,,,,,,,,未找到
万象馨苑,浦东新区,,,,,,,,,,未找到
鹏海东苑,浦东新区,,,,,,,,,,未找到
永兴锦苑,浦东新区,,,,,,,,,,未找到
星光花苑,浦东新区,,,,,,,,,,未找到
宏伟丽苑,浦东新区,,,,,,,,,,未找到
永宁二期,浦东新区,,,,,,,,,,未找到
万祥镇嘉苑,浦东新区,,,,,,,,,,未找到
中国中铁诺德璟宸,浦东新区,,,,,,,,,,未找到
东方小区,浦东新区,,,,,,,,,,未找到
丽都成品,浦东新区,,,,,,,,,,未找到
万祥路家苑,浦东新区,,,,,,,,,,未找到
永宁里,浦东新区,,,,,,,,,,未找到
银河家苑,浦东新区,,,,,,,,,,未找到
永泰弄,浦东新区,,,,,,,,,,未找到
万祥街新苑,浦东新区,,,,,,,,,,未找到
东方嘉苑,浦东新区,,,,,,,,,,未找到
月亮湾园,浦东新区,,,,,,,,,,未找到
盛世花园,浦东新区,,,,,,,,,,未找到
新家弄,浦东新区,,,,,,,,,,未找到
懿德花苑,浦东新区,,,,,,,,,,未找到
华发半岛华庭,浦东新区,,,,,,,,,,未找到
繁荣欣佳苑,浦东新区,,,,,,,,,,未找到
浦开江南里,浦东新区,,,,,,,,,,未找到
三林印象城花苑,浦东新区,,,,,,,,,,未找到
第五大道东方中华园,浦东新区,,,,,,,,,,未找到
凤凰怡苑,浦东新区,,,,,,,,,,未找到
三林世博,浦东新区,,,,,,,,,,未找到
阳光绿苑,浦东新区,,,,,,,,,,未找到
上南花苑,浦东新区,,,,,,,,,,未找到
三林路坊,浦东新区,,,,,,,,,,未找到
三林苑,浦东新区,,,,,,,,,,未找到
嘉泰城,浦东新区,,,,,,,,,,未找到
瑞景景苑,浦东新区,,,,,,,,,,未找到
绿地东岸涟城,浦东新区,,,,,,,,,,未找到
龙腾华庭,浦东新区,,,,,,,,,,未找到
东源名都,浦东新区,,,,,,,,,,未找到
三林新村,浦东新区,,,,,,,,,,未找到
新都盛苑,浦东新区,,,,,,,,,,未找到
宜居丽苑,浦东新区,,,,,,,,,,未找到
鑫都庭,浦东新区,,,,,,,,,,未找到
芳甸路花苑,浦东新区,,,,,,,,,,未找到
仁恒河滨,浦东新区,,,,,,,,,,未找到
三林世博家园,浦东新区,,,,,,,,,,未找到
证大家园,浦东新区,,,,,,,,,,未找到
世纪花苑,浦东新区,,,,,,,,,,未找到
联洋花苑,浦东新区,,,,,,,,,,未找到
龚路新城,浦东新区,,,,,,,,,,未找到
临沂八村,浦东新区,,,,,,,,,,未找到
培花久远公寓,浦东新区,,,,,,,,,,未找到
春天公寓,浦东新区,,,,,,,,,,未找到
嘉华苑,浦东新区,,,,,,,,,,未找到
海尚乐苑,浦东新区,,,,,,,,,,未找到
东昌路镇府,浦东新区,,,,,,,,,,未找到
东昌路花园,浦东新区,,,,,,,,,,未找到
宏宇家苑,浦东新区,,,,,,,,,,未找到
东昌路路花园,浦东新区,,,,,,,,,,未找到
富贵弄,浦东新区,,,,,,,,,,未找到
新都广场,浦东新区,,,,,,,,,,未找到
东昌路镇苑,浦东新区,,,,,,,,,,未找到
花木苑,浦东新区,,,,,,,,,,未找到
东昌路坊,浦东新区,,,,,,,,,,未找到
东昌路街小区,浦东新区,,,,,,,,,,未找到
新都城,浦东新区,,,,,,,,,,未找到
古桐二三村,浦东新区,,,,,,,,,,未找到
东昌路城,浦东新区,,,,,,,,,,未找到
山水国际,浦东新区,,,,,,,,,,未找到
临港首府,浦东新区,,,,,,,,,,未找到
港城广场花苑,浦东新区,,,,,,,,,,未找到
新元南路花苑,浦东新区,,,,,,,,,,未找到
招商璀璨城市,浦东新区,,,,,,,,,,未找到
白杨小区,浦东新区,,,,,,,,,,未找到
万科城,浦东新区,,,,,,,,,,未找到
东沟七村,浦东新区,,,,,,,,,,未找到
海滨花苑,浦东新区,,,,,,,,,,未找到
滴水湖馨苑,浦东新区,,,,,,,,,,未找到
翠竹里,浦东新区,,,,,,,,,,未找到
临港花苑,浦东新区,,,,,,,,,,未找到
海湾绿苑,浦东新区,,,,,,,,,,未找到
宜居庭,浦东新区,,,,,,,,,,未找到
新家嘉苑,浦东新区,,,,,,,,,,未找到
蓝高小区,浦东新区,,,,,,,,,,未找到
世纪家苑,浦东新区,,,,,,,,,,未找到
安居三期,浦东新区,,,,,,,,,,未找到
临港街里,浦东新区,,,,,,,,,,未找到
博雅怡苑,浦东新区,,,,,,,,,,未找到
民乐苑,浦东新区,,,,,,,,,,未找到
书院镇城,浦东新区,,,,,,,,,,未找到
书院花苑,浦东新区,,,,,,,,,,未找到
宏伟苑,浦东新区,,,,,,,,,,未找到
仁恒森兰雅苑二期,浦东新区,,,,,,,,,,未找到
宏伟华庭,浦东新区,,,,,,,,,,未找到
金杨新村五街坊,浦东新区,,,,,,,,,,未找到
南新四村,浦东新区,,,,,,,,,,未找到
书院路绿苑,浦东新区,,,,,,,,,,未找到
吉祥苑,浦东新区,,,,,,,,,,未找到
书院苑,浦东新区,,,,,,,,,,未找到
书院路新村,浦东新区,,,,,,,,,,未找到
万象新苑,浦东新区,,,,,,,,,,未找到
嘉宝住宅,浦东新区,,,,,,,,,,未找到
太平里,浦东新区,,,,,,,,,,未找到
高悦华庭,浦东新区,,,,,,,,,,未找到
黄山始信苑,浦东新区,,,,,,,,,,未找到
尚玖璟庭,浦东新区,,,,,,,,,,未找到
永兴新村,浦东新区,,,,,,,,,,未找到
前滩21号地块,浦东新区,,,,,,,,,,未找到
森兰海天名筑,浦东新区,,,,,,,,,,未找到
金色苑,浦东新区,,,,,,,,,,未找到
绿洲广场,浦东新区,,,,,,,,,,未找到
金杨新村六街坊,浦东新区,,,,,,,,,,未找到
北蔡莲花,浦东新区,,,,,,,,,,未找到
永乐城,浦东新区,,,,,,,,,,未找到
永丰景苑,浦东新区,,,,,,,,,,未找到
绿洲城,浦东新区,,,,,,,,,,未找到
联勤花苑,浦东新区,,,,,,,,,,未找到
绿地花苑,浦东新区,,,,,,,,,,未找到
凤凰雅苑,浦东新区,,,,,,,,,,未找到
鑫都弄,浦东新区,,,,,,,,,,未找到
鹏海花苑,浦东新区,,,,,,,,,,未找到
御桥花苑,浦东新区,,,,,,,,,,未找到
锦绣三期,浦东新区,,,,,,,,,,未找到
北蔡雅苑,浦东新区,,,,,,,,,,未找到
北蔡里,浦东新区,,,,,,,,,,未找到
贵龙园,浦东新区,,,,,,,,,,未找到
海上国际花园,浦东新区,,,,,,,,,,未找到
绿地东上海一期,浦东新区,,,,,,,,,,未找到
朗诗未来树,浦东新区,,,,,,,,,,未找到
当代清水园,浦东新区,,,,,,,,,,未找到
云山星座苑,浦东新区,,,,,,,,,,未找到
纯翠苑,浦东新区,,,,,,,,,,未找到
新苑东花苑,浦东新区,,,,,,,,,,未找到
合庆路锦苑,浦东新区,,,,,,,,,,未找到
合庆花苑,浦东新区,,,,,,,,,,未找到
宏达广场,浦东新区,,,,,,,,,,未找到
日月光水岸花园,浦东新区,,,,,,,,,,未找到
同馨苑,浦东新区,,,,,,,,,,未找到
永安三期,浦东新区,,,,,,,,,,未找到
安居弄,浦东新区,,,,,,,,,,未找到
新都雅苑,浦东新区,,,,,,,,,,未找到
周浦街丽苑,浦东新区,,,,,,,,,,未找到
周浦镇城,浦东新区,,,,,,,,,,未找到
周浦花苑,浦东新区,,,,,,,,,,未找到
周浦路馨苑,浦东新区,,,,,,,,,,未找到
罗山绿洲别墅,浦东新区,,,,,,,,,,未找到
周浦盛苑,浦东新区,,,,,,,,,,未找到
龙阳花苑,浦东新区,,,,,,,,,,未找到
明天华城,浦东新区,,,,,,,,,,未找到
东南花苑,浦东新区,,,,,,,,,,未找到
周浦镇盛苑,浦东新区,,,,,,,,,,未找到
周浦馨苑,浦东新区,,,,,,,,,,未找到
嘉华绿苑,浦东新区,,,,,,,,,,未找到
新景城,浦东新区,,,,,,,,,,未找到
周浦街湾,浦东新区,,,,,,,,,,未找到
康沈路花苑,浦东新区,,,,,,,,,,未找到
周浦镇新村,浦东新区,,,,,,,,,,未找到
周浦街馨苑,浦东新区,,,,,,,,,,未找到
瑞和住宅,浦东新区,,,,,,,,,,未找到
周浦府,浦东新区,,,,,,,,,,未找到
融创未来金融城,浦东新区,,,,,,,,,,未找到
华高一村,浦东新区,,,,,,,,,,未找到
路劲小区,浦东新区,,,,,,,,,,未找到
唐镇镇雅苑,浦东新区,,,,,,,,,,未找到
唐镇镇府,浦东新区,,,,,,,,,,未找到
蝶恋苑,浦东新区,,,,,,,,,,未找到
万科翡丽花苑,浦东新区,,,,,,,,,,未找到
唐镇金地花苑,浦东新区,,,,,,,,,,未找到
唐镇路锦苑,浦东新区,,,,,,,,,,未找到
芳芯苑,浦东新区,,,,,,,,,,未找到
晨曦一期,浦东新区,,,,,,,,,,未找到
唐镇路兴苑,浦东新区,,,,,,,,,,未找到
唐镇街坊,浦东新区,,,,,,,,,,未找到
唐镇路盛苑,浦东新区,,,,,,,,,,未找到
瑞丰大楼,浦东新区,,,,,,,,,,未找到
唐镇花苑,浦东新区,,,,,,,,,,未找到
中建大公馆,浦东新区,,,,,,,,,,未找到
唐镇兴苑,浦东新区,,,,,,,,,,未找到
昱丽家园,浦东新区,,,,,,,,,,未找到
安居府,浦东新区,,,,,,,,,,未找到
唐镇怡苑,浦东新区,,,,,,,,,,未找到
翰城国际,浦东新区,,,,,,,,,,未找到
唐镇街新苑,浦东新区,,,,,,,,,,未找到
唐镇街里,浦东新区,,,,,,,,,,未找到
新家雅苑,浦东新区,,,,,,,,,,未找到
东晶国际,浦东新区,,,,,,,,,,未找到
万科金域澜湾,浦东新区,,,,,,,,,,未找到
凤凰新村,浦东新区,,,,,,,,,,未找到
塘桥花苑,浦东新区,,,,,,,,,,未找到
晨曦雅苑,浦东新区,,,,,,,,,,未找到
明珠怡苑,浦东新区,,,,,,,,,,未找到
明珠住宅,浦东新区,,,,,,,,,,未找到
东方二期,浦东新区,,,,,,,,,,未找到
星光怡苑,浦东新区,,,,,,,,,,未找到
中星怡景花园,浦东新区,,,,,,,,,,未找到
龙博公寓,浦东新区,,,,,,,,,,未找到
峨山路花苑,浦东新区,,,,,,,,,,未找到
南泉花苑,浦东新区,,,,,,,,,,未找到
嘉宝里,浦东新区,,,,,,,,,,未找到
浦东南路公寓,浦东新区,,,,,,,,,,未找到
蓝村路公寓,浦东新区,,,,,,,,,,未找到
浦建路公寓,浦东新区,,,,,,,,,,未找到
华丽家族花园,浦东新区,,,,,,,,,,未找到
海尚东苑,浦东新区,,,,,,,,,,未找到
培花七村,浦东新区,,,,,,,,,,未找到
外高桥花苑,浦东新区,,,,,,,,,,未找到
外高桥街坊,浦东新区,,,,,,,,,,未找到
恒大翰城瀚林苑,浦东新区,,,,,,,,,,未找到
晨曦苑,浦东新区,,,,,,,,,,未找到
外高桥路馨苑,浦东新区,,,,,,,,,,未找到
万象弄,浦东新区,,,,,,,,,,未找到
外高桥路庭,浦东新区,,,,,,,,,,未找到
外高桥路花园,浦东新区,,,,,,,,,,未找到
康乐广场,浦东新区,,,,,,,,,,未找到
保集澜湾,浦东新区,,,,,,,,,,未找到
外高桥街盛苑,浦东新区,,,,,,,,,,未找到
温馨丽苑,浦东新区,,,,,,,,,,未找到
陆家嘴锦绣前城,浦东新区,,,,,,,,,,未找到
外高桥镇丽苑,浦东新区,,,,,,,,,,未找到
外高桥镇家苑,浦东新区,,,,,,,,,,未找到
外高桥家苑,浦东新区,,,,,,,,,,未找到
保利金色唐城,浦东新区,,,,,,,,,,未找到
太平景苑,浦东新区,,,,,,,,,,未找到
金钻苑,浦东新区,,,,,,,,,,未找到
世纪雅苑,浦东新区,,,,,,,,,,未找到
新世纪城,浦东新区,,,,,,,,,,未找到
万象城,浦东新区,,,,,,,,,,未找到
大团府,浦东新区,,,,,,,,,,未找到
大团镇家苑,浦东新区,,,,,,,,,,未找到
大团兴苑,浦东新区,,,,,,,,,,未找到
温馨一期,浦东新区,,,,,,,,,,未找到
大团花苑,浦东新区,,,,,,,,,,未找到
大团镇名邸,浦东新区,,,,,,,,,,未找到
第九城市,浦东新区,,,,,,,,,,未找到
大团街公寓,浦东新区,,,,,,,,,,未找到
浦发罗兰翡丽,浦东新区,,,,,,,,,,未找到
大华锦绣华城第12街区,浦东新区,,,,,,,,,,未找到
华高苑,浦东新区,,,,,,,,,,未找到
世家名门,浦东新区,,,,,,,,,,未找到
大华锦绣华城第18街区,浦东新区,,,,,,,,,,未找到
星颂家园,浦东新区,,,,,,,,,,未找到
新世纪府,浦东新区,,,,,,,,,,未找到
翠竹弄,浦东新区,,,,,,,,,,未找到
宣桥镇新苑,浦东新区,,,,,,,,,,未找到
绿城玉兰花园,浦东新区,,,,,,,,,,未找到
宣桥街新苑,浦东新区,,,,,,,,,,未找到
宣桥镇湾,浦东新区,,,,,,,,,,未找到
宣桥街雅苑,浦东新区,,,,,,,,,,未找到
宣桥花苑,浦东新区,,,,,,,,,,未找到
太平苑,浦东新区,,,,,,,,,,未找到
川沙新镇,浦东新区,,,,,,,,,,未找到
新景花苑,浦东新区,,,,,,,,,,未找到
宏达坊,浦东新区,,,,,,,,,,未找到
绿洲,浦东新区,,,,,,,,,,未找到
永安府,浦东新区,,,,,,,,,,未找到
宝佳苑,浦东新区,,,,,,,,,,未找到
仁恒河滨城,浦东新区,,,,,,,,,,未找到
永兴景苑,浦东新区,,,,,,,,,,未找到
安居坊,浦东新区,,,,,,,,,,未找到
川沙花苑,浦东新区,,,,,,,,,,未找到
新家景苑,浦东新区,,,,,,,,,,未找到
绿地东上海,浦东新区,,,,,,,,,,未找到
永乐一期,浦东新区,,,,,,,,,,未找到
嘉泰嘉苑,浦东新区,,,,,,,,,,未找到
博雅苑,浦东新区,,,,,,,,,,未找到
鑫城华庭,浦东新区,,,,,,,,,,未找到
金杨新村十街坊,浦东新区,,,,,,,,,,未找到
金杨新村二街坊,浦东新区,,,,,,,,,,未找到
绿河新苑,浦东新区,,,,,,,,,,未找到
绿地康桥,浦东新区,,,,,,,,,,未找到
康桥半岛,浦东新区,,,,,,,,,,未找到
心圆西苑,浦东新区,,,,,,,,,,未找到
康桥花苑,浦东新区,,,,,,,,,,未找到
康桥半岛二期,浦东新区,,,,,,,,,,未找到
荷三小区,浦东新区,,,,,,,,,,未找到
康桥街馨苑,浦东新区,,,,,,,,,,未找到
康桥街湾,浦东新区,,,,,,,,,,未找到
康桥庭,浦东新区,,,,,,,,,,未找到
东方锦苑,浦东新区,,,,,,,,,,未找到
永和小区,浦东新区,,,,,,,,,,未找到
连城新苑,浦东新区,,,,,,,,,,未找到
永安里,浦东新区,,,,,,,,,,未找到
康桥街苑,浦东新区,,,,,,,,,,未找到
康桥路雅苑,浦东新区,,,,,,,,,,未找到
宏宇湾,浦东新区,,,,,,,,,,未找到
康桥湾,浦东新区,,,,,,,,,,未找到
康桥路花苑,浦东新区,,,,,,,,,,未找到
康桥绿苑,浦东新区,,,,,,,,,,未找到
锦绣新村,浦东新区,,,,,,,,,,未找到
康桥镇花园,浦东新区,,,,,,,,,,未找到
弘扬雅苑,浦东新区,,,,,,,,,,未找到
凯利海华府,浦东新区,,,,,,,,,,未找到
鑫都嘉苑,浦东新区,,,,,,,,,,未找到
绿地临港家园,浦东新区,,,,,,,,,,未找到
张江集电港,浦东新区,,,,,,,,,,未找到
长泰花苑,浦东新区,,,,,,,,,,未找到
欧风家园,浦东新区,,,,,,,,,,未找到
永乐绿苑,浦东新区,,,,,,,,,,未找到
药谷一楼,浦东新区,,,,,,,,,,未找到
嘉华雅苑,浦东新区,,,,,,,,,,未找到
阳光湾,浦东新区,,,,,,,,,,未找到
集电港公寓,浦东新区,,,,,,,,,,未找到
张江和源名城,浦东新区,,,,,,,,,,未找到
汤臣高尔夫,浦东新区,,,,,,,,,,未找到
张江镇小区,浦东新区,,,,,,,,,,未找到
张江馨苑,浦东新区,,,,,,,,,,未找到
长泰花苑二期,浦东新区,,,,,,,,,,未找到
中芯花苑,浦东新区,,,,,,,,,,未找到
汤臣豪园,浦东新区,,,,,,,,,,未找到
新世纪花苑,浦东新区,,,,,,,,,,未找到
东方住宅,浦东新区,,,,,,,,,,未找到
潍坊八村,浦东新区,,,,,,,,,,未找到
星金家园,浦东新区,,,,,,,,,,未找到
张江汤臣,浦东新区,,,,,,,,,,未找到
翠微花苑,浦东新区,,,,,,,,,,未找到
鑫都花苑,浦东新区,,,,,,,,,,未找到
昌七小区,浦东新区,,,,,,,,,,未找到
新景二期,浦东新区,,,,,,,,,,未找到
张江中区镇湾,浦东新区,,,,,,,,,,未找到
张江中区路花园,浦东新区,,,,,,,,,,未找到
明珠华庭,浦东新区,,,,,,,,,,未找到
嘉华湾,浦东新区,,,,,,,,,,未找到
嘉和家苑,浦东新区,,,,,,,,,,未找到
永和家苑,浦东新区,,,,,,,,,,未找到
张江中区街雅苑,浦东新区,,,,,,,,,,未找到
张江中区街华庭,浦东新区,,,,,,,,,,未找到
张江中区街名邸,浦东新区,,,,,,,,,,未找到
张江中区路雅苑,浦东新区,,,,,,,,,,未找到
张江中区路苑,浦东新区,,,,,,,,,,未找到
张江中区街坊,浦东新区,,,,,,,,,,未找到
张江中区镇馨苑,浦东新区,,,,,,,,,,未找到
张江中区街景苑,浦东新区,,,,,,,,,,未找到
张江中区雅苑,浦东新区,,,,,,,,,,未找到
张江中区街盛苑,浦东新区,,,,,,,,,,未找到
怡泰安邦,浦东新区,,,,,,,,,,未找到
张江中区盛苑,浦东新区,,,,,,,,,,未找到
永安弄,浦东新区,,,,,,,,,,未找到
晨曦住宅,浦东新区,,,,,,,,,,未找到
张江南区路新村,浦东新区,,,,,,,,,,未找到
大名城紫金九号,浦东新区,,,,,,,,,,未找到
张江南区镇怡苑,浦东新区,,,,,,,,,,未找到
星纳家园,浦东新区,,,,,,,,,,未找到
张江南区镇广场,浦东新区,,,,,,,,,,未找到
张江南区家苑,浦东新区,,,,,,,,,,未找到
张江南区路雅苑,浦东新区,,,,,,,,,,未找到
张江南区花苑,浦东新区,,,,,,,,,,未找到
梅林小城,浦东新区,,,,,,,,,,未找到
永兴二期,浦东新区,,,,,,,,,,未找到
富贵家苑,浦东新区,,,,,,,,,,未找到
张江南区街里,浦东新区,,,,,,,,,,未找到
春天广场,浦东新区,,,,,,,,,,未找到
瑞和怡苑,浦东新区,,,,,,,,,,未找到
张江南区和苑,浦东新区,,,,,,,,,,未找到
宏宇广场,浦东新区,,,,,,,,,,未找到
张江南区绿苑,浦东新区,,,,,,,,,,未找到
永泰公寓,浦东新区,,,,,,,,,,未找到
张江南区路花苑,浦东新区,,,,,,,,,,未找到
富贵里,浦东新区,,,,,,,,,,未找到
张江南区街花园,浦东新区,,,,,,,,,,未找到
金杨新村九街坊,浦东新区,,,,,,,,,,未找到
宜居城,浦东新区,,,,,,,,,,未找到
惠南庭,浦东新区,,,,,,,,,,未找到
万象大楼,浦东新区,,,,,,,,,,未找到
南汇花苑,浦东新区,,,,,,,,,,未找到
中天碧云苑,浦东新区,,,,,,,,,,未找到
南汇新城花苑,浦东新区,,,,,,,,,,未找到
惠南花苑,浦东新区,,,,,,,,,,未找到
新城湾,浦东新区,,,,,,,,,,未找到
惠南镇新村,浦东新区,,,,,,,,,,未找到
惠南镇锦苑,浦东新区,,,,,,,,,,未找到
芦潮港花苑,浦东新区,,,,,,,,,,未找到
惠南街名邸,浦东新区,,,,,,,,,,未找到
聚航苑,浦东新区,,,,,,,,,,未找到
惠南新城,浦东新区,,,,,,,,,,未找到
金杨新村十一街坊,浦东新区,,,,,,,,,,未找到
春天苑,浦东新区,,,,,,,,,,未找到
惠南绿苑,浦东新区,,,,,,,,,,未找到
惠南新苑,浦东新区,,,,,,,,,,未找到
惠南锦苑,浦东新区,,,,,,,,,,未找到
中房樱桃苑,浦东新区,,,,,,,,,,未找到
惠南镇雅苑,浦东新区,,,,,,,,,,未找到
绿洲雅苑,浦东新区,,,,,,,,,,未找到
吉祥小区,浦东新区,,,,,,,,,,未找到
新场广场,浦东新区,,,,,,,,,,未找到
招商臻境,浦东新区,,,,,,,,,,未找到
新场镇城,浦东新区,,,,,,,,,,未找到
新场镇和苑,浦东新区,,,,,,,,,,未找到
新场花苑,浦东新区,,,,,,,,,,未找到
和谐弄,浦东新区,,,,,,,,,,未找到
宏伟雅苑,浦东新区,,,,,,,,,,未找到
仁和都市花园,浦东新区,,,,,,,,,,未找到
鑫都住宅,浦东新区,,,,,,,,,,未找到
中芯花园三期,浦东新区,,,,,,,,,,未找到
新场街绿苑,浦东新区,,,,,,,,,,未找到
新场路广场,浦东新区,,,,,,,,,,未找到
新场路兴苑,浦东新区,,,,,,,,,,未找到
安居花苑,浦东新区,,,,,,,,,,未找到
新场绿苑,浦东新区,,,,,,,,,,未找到
永和城,浦东新区,,,,,,,,,,未找到
德州一村,浦东新区,,,,,,,,,,未找到
康乐新村,浦东新区,,,,,,,,,,未找到
城市经典四期,浦东新区,,,,,,,,,,未找到
绿地崴廉公寓,浦东新区,,,,,,,,,,未找到
曹路花苑,浦东新区,,,,,,,,,,未找到
鑫城府,浦东新区,,,,,,,,,,未找到
曹路路馨苑,浦东新区,,,,,,,,,,未找到
曹路路里,浦东新区,,,,,,,,,,未找到
曹路绿苑,浦东新区,,,,,,,,,,未找到
曹路街和苑,浦东新区,,,,,,,,,,未找到
曹路路苑,浦东新区,,,,,,,,,,未找到
曹路花园,浦东新区,,,,,,,,,,未找到
曹路路盛苑,浦东新区,,,,,,,,,,未找到
金色馨苑,浦东新区,,,,,,,,,,未找到
滨江国际,浦东新区,,,,,,,,,,未找到
曹路路新村,浦东新区,,,,,,,,,,未找到
曹路街城,浦东新区,,,,,,,,,,未找到
曹路街雅苑,浦东新区,,,,,,,,,,未找到
嘉宝新苑,浦东新区,,,,,,,,,,未找到
浦发绿城,浦东新区,,,,,,,,,,未找到
浦江东旭公寓,浦东新区,,,,,,,,,,未找到
公元2040,浦东新区,,,,,,,,,,未找到
金桥瑞仕花园,浦东新区,,,,,,,,,,未找到
上海未来黄山新城,浦东新区,,,,,,,,,,未找到
沉香苑,浦东新区,,,,,,,,,,未找到
荡湾新村,浦东新区,,,,,,,,,,未找到
永丰住宅,浦东新区,,,,,,,,,,未找到
泥城街家苑,浦东新区,,,,,,,,,,未找到
博雅城,浦东新区,,,,,,,,,,未找到
嘉和一期,浦东新区,,,,,,,,,,未找到
保利御樽苑,浦东新区,,,,,,,,,,未找到
星光雅苑,浦东新区,,,,,,,,,,未找到
同方锦城二期,浦东新区,,,,,,,,,,未找到
泥城苑,浦东新区,,,,,,,,,,未找到
富贵华庭,浦东新区,,,,,,,,,,未找到
新世纪新村,浦东新区,,,,,,,,,,未找到
泥城花园,浦东新区,,,,,,,,,,未找到
泥城镇兴苑,浦东新区,,,,,,,,,,未找到
博雅一期,浦东新区,,,,,,,,,,未找到
永安苑,浦东新区,,,,,,,,,,未找到
洋泾镇新村,浦东新区,,,,,,,,,,未找到
宏宇庭,浦东新区,,,,,,,,,,未找到
洋泾路和苑,浦东新区,,,,,,,,,,未找到
洋泾里,浦东新区,,,,,,,,,,未找到
金色锦苑,浦东新区,,,,,,,,,,未找到
洋泾街坊,浦东新区,,,,,,,,,,未找到
洋泾路怡苑,浦东新区,,,,,,,,,,未找到
洋泾街华庭,浦东新区,,,,,,,,,,未找到
洋泾街丽苑,浦东新区,,,,,,,,,,未找到
永泰盛苑,浦东新区,,,,,,,,,,未找到
吉祥城,浦东新区,,,,,,,,,,未找到
阳光城丽景湾PLUS,浦东新区,,,,,,,,,,未找到
荷一小区,浦东新区,,,,,,,,,,未找到
洋泾景苑,浦东新区,,,,,,,,,,未找到
翔川家园,浦东新区,,,,,,,,,,未找到
和谐一期,浦东新区,,,,,,,,,,未找到
阳光花苑,浦东新区,,,,,,,,,,未找到
洋泾路新村,浦东新区,,,,,,,,,,未找到
鹏瑞云璟湾,浦东新区,,,,,,,,,,未找到
金海华城悦虹雅苑,浦东新区,,,,,,,,,,未找到
东方绿苑,浦东新区,,,,,,,,,,未找到
仁恒河滨城三期,浦东新区,,,,,,,,,,未找到
凤凰大楼,浦东新区,,,,,,,,,,未找到
金浜小区,浦东新区,,,,,,,,,,未找到
源深镇城,浦东新区,,,,,,,,,,未找到
源深锦苑,浦东新区,,,,,,,,,,未找到
源深府,浦东新区,,,,,,,,,,未找到
源深路和苑,浦东新区,,,,,,,,,,未找到
源深路花园,浦东新区,,,,,,,,,,未找到
源深新村,浦东新区,,,,,,,,,,未找到
宏达三期,浦东新区,,,,,,,,,,未找到
源深街府,浦东新区,,,,,,,,,,未找到
源深街丽苑,浦东新区,,,,,,,,,,未找到
源深路城,浦东新区,,,,,,,,,,未找到
嘉宝绿苑,浦东新区,,,,,,,,,,未找到
宏宇小区,浦东新区,,,,,,,,,,未找到
源深家苑,浦东新区,,,,,,,,,,未找到
潍坊华庭,浦东新区,,,,,,,,,,未找到
绿城玉兰公馆,浦东新区,,,,,,,,,,未找到
新城景苑,浦东新区,,,,,,,,,,未找到
温馨新村,浦东新区,,,,,,,,,,未找到
潍坊苑,浦东新区,,,,,,,,,,未找到
龙腾里,浦东新区,,,,,,,,,,未找到
大唐国际公寓,浦东新区,,,,,,,,,,未找到
永和锦苑,浦东新区,,,,,,,,,,未找到
幸福住宅,浦东新区,,,,,,,,,,未找到
潍坊街名邸,浦东新区,,,,,,,,,,未找到
潍坊景苑,浦东新区,,,,,,,,,,未找到
盛世苑,浦东新区,,,,,,,,,,未找到
龙腾小区,浦东新区,,,,,,,,,,未找到
潍坊街苑,浦东新区,,,,,,,,,,未找到
潍坊路广场,浦东新区,,,,,,,,,,未找到
潍坊绿苑,浦东新区,,,,,,,,,,未找到
潍坊街兴苑,浦东新区,,,,,,,,,,未找到
芳佳苑,浦东新区,,,,,,,,,,未找到
康乐弄,浦东新区,,,,,,,,,,未找到
祝桥街雅苑,浦东新区,,,,,,,,,,未找到
祝桥花苑,浦东新区,,,,,,,,,,未找到
鑫城庭,浦东新区,,,,,,,,,,未找到
大华锦绣华城第15街区,浦东新区,,,,,,,,,,未找到
世纪三期,浦东新区,,,,,,,,,,未找到
祝桥街城,浦东新区,,,,,,,,,,未找到
阳光花园,浦东新区,,,,,,,,,,未找到
宏伟花园,浦东新区,,,,,,,,,,未找到
祝桥家苑,浦东新区,,,,,,,,,,未找到
祝桥锦苑,浦东新区,,,,,,,,,,未找到
祝桥路锦苑,浦东新区,,,,,,,,,,未找到
康乐花园,浦东新区,,,,,,,,,,未找到
祝桥镇锦苑,浦东新区,,,,,,,,,,未找到
龙腾弄,浦东新区,,,,,,,,,,未找到
鑫都里,浦东新区,,,,,,,,,,未找到
上泰花苑,浦东新区,,,,,,,,,,未找到
新高苑春城一期,浦东新区,,,,,,,,,,未找到
老港湾,浦东新区,,,,,,,,,,未找到
宏宇丽苑,浦东新区,,,,,,,,,,未找到
老港街嘉苑,浦东新区,,,,,,,,,,未找到
老港路雅苑,浦东新区,,,,,,,,,,未找到
东方花园,浦东新区,,,,,,,,,,未找到
博雅馨苑,浦东新区,,,,,,,,,,未找到
明珠家苑,浦东新区,,,,,,,,,,未找到
老港景苑,浦东新区,,,,,,,,,,未找到
嘉泰三期,浦东新区,,,,,,,,,,未找到
安居里,浦东新区,,,,,,,,,,未找到
航头街公寓,浦东新区,,,,,,,,,,未找到
航头公寓,浦东新区,,,,,,,,,,未找到
永丰苑,浦东新区,,,,,,,,,,未找到
航头街广场,浦东新区,,,,,,,,,,未找到
万邦都市花园,浦东新区,,,,,,,,,,未找到
航头花苑,浦东新区,,,,,,,,,,未找到
永福盛苑,浦东新区,,,,,,,,,,未找到
翠竹公寓,浦东新区,,,,,,,,,,未找到
航头街湾,浦东新区,,,,,,,,,,未找到
航头广场,浦东新区,,,,,,,,,,未找到
永乐里,浦东新区,,,,,,,,,,未找到
世纪嘉苑,浦东新区,,,,,,,,,,未找到
新景住宅,浦东新区,,,,,,,,,,未找到
凤凰府,浦东新区,,,,,,,,,,未找到
航头街兴苑,浦东新区,,,,,,,,,,未找到
航头坊,浦东新区,,,,,,,,,,未找到
金杨新村三街坊,浦东新区,,,,,,,,,,未找到
航头嘉苑,浦东新区,,,,,,,,,,未找到
艺泰安邦,浦东新区,,,,,,,,,,未找到
东方花苑,浦东新区,,,,,,,,,,未找到
浦东星河湾,浦东新区,,,,,,,,,,未找到
宏宇里,浦东新区,,,,,,,,,,未找到
锦绣广场,浦东新区,,,,,,,,,,未找到
花木街馨苑,浦东新区,,,,,,,,,,未找到
花木路绿苑,浦东新区,,,,,,,,,,未找到
谐趣鑫庭,浦东新区,,,,,,,,,,未找到
万邦都市花苑,浦东新区,,,,,,,,,,未找到
双桥小区,浦东新区,,,,,,,,,,未找到
宏伟小区,浦东新区,,,,,,,,,,未找到
牡丹路花苑,浦东新区,,,,,,,,,,未找到
花木新村,浦东新区,,,,,,,,,,未找到
中芯花园,浦东新区,,,,,,,,,,未找到
东方城市花园二期,浦东新区,,,,,,,,,,未找到
金杨新村七街坊,浦东新区,,,,,,,,,,未找到
金凌国际,浦东新区,,,,,,,,,,未找到
富贵新苑,浦东新区,,,,,,,,,,未找到
金鼎阅府,浦东新区,,,,,,,,,,未找到
嘉和小区,浦东新区,,,,,,,,,,未找到
瑞和锦苑,浦东新区,,,,,,,,,,未找到
鑫城嘉苑,浦东新区,,,,,,,,,,未找到
碧云国际社区,浦东新区,,,,,,,,,,未找到
金桥爱建,浦东新区,,,,,,,,,,未找到
碧云新天地,浦东新区,,,,,,,,,,未找到
碧云别墅,浦东新区,,,,,,,,,,未找到
金桥花苑,浦东新区,,,,,,,,,,未找到
春天湾,浦东新区,,,,,,,,,,未找到
康桥老街,浦东新区,,,,,,,,,,未找到
进才花苑,浦东新区,,,,,,,,,,未找到
博雅里,浦东新区,,,,,,,,,,未找到
康乐小区,浦东新区,,,,,,,,,,未找到
金桥街新村,浦东新区,,,,,,,,,,未找到
永乐苑,浦东新区,,,,,,,,,,未找到
金色怡苑,浦东新区,,,,,,,,,,未找到
金桥工业区路锦苑,浦东新区,,,,,,,,,,未找到
金桥工业区镇新村,浦东新区,,,,,,,,,,未找到
金桥工业区和苑,浦东新区,,,,,,,,,,未找到
康乐怡苑,浦东新区,,,,,,,,,,未找到
金桥工业区街和苑,浦东新区,,,,,,,,,,未找到
宜居馨苑,浦东新区,,,,,,,,,,未找到
金桥工业区名邸,浦东新区,,,,,,,,,,未找到
金桥工业区盛苑,浦东新区,,,,,,,,,,未找到
金桥工业区街家苑,浦东新区,,,,,,,,,,未找到
金桥工业区街锦苑,浦东新区,,,,,,,,,,未找到
瑞丰盛苑,浦东新区,,,,,,,,,,未找到
宏宇弄,浦东新区,,,,,,,,,,未找到
新世纪花苑三期,浦东新区,,,,,,,,,,未找到
和谐华庭,浦东新区,,,,,,,,,,未找到
康乐三期,浦东新区,,,,,,,,,,未找到
晨曦绿苑,浦东新区,,,,,,,,,,未找到
安居华庭,浦东新区,,,,,,,,,,未找到
永乐公寓,浦东新区,,,,,,,,,,未找到
和谐坊,浦东新区,,,,,,,,,,未找到
吉祥湾,浦东新区,,,,,,,,,,未找到
香楠小区,浦东新区,,,,,,,,,,未找到
汤臣一品,浦东新区,,,,,,,,,,未找到
世茂滨江,浦东新区,,,,,,,,,,未找到
盛世里,浦东新区,,,,,,,,,,未找到
明珠苑,浦东新区,,,,,,,,,,未找到
盛大金磐,浦东新区,,,,,,,,,,未找到
嘉宝坊,浦东新区,,,,,,,,,,未找到
九龙仓滨江壹号,浦东新区,,,,,,,,,,未找到
仁恒东郊花苑,浦东新区,,,,,,,,,,未找到
中粮壹号,浦东新区,,,,,,,,,,未找到
陆家嘴花苑,浦东新区,,,,,,,,,,未找到
世纪湾,浦东新区,,,,,,,,,,未找到
仁恒滨江,浦东新区,,,,,,,,,,未找到
嘉里城,浦东新区,,,,,,,,,,未找到
财富海景花苑,浦东新区,,,,,,,,,,未找到
温馨嘉苑,浦东新区,,,,,,,,,,未找到
绿洲康城亲水湾,浦东新区,,,,,,,,,,未找到
东苑明都,浦东新区,,,,,,,,,,未找到
保利铃兰公馆,浦东新区,,,,,,,,,,未找到
瑞景二期,浦东新区,,,,,,,,,,未找到
翠竹家苑,浦东新区,,,,,,,,,,未找到
新家里,浦东新区,,,,,,,,,,未找到
高东家苑,浦东新区,,,,,,,,,,未找到
高东街盛苑,浦东新区,,,,,,,,,,未找到
康乐里,浦东新区,,,,,,,,,,未找到
东方知音苑,浦东新区,,,,,,,,,,未找到
新都三期,浦东新区,,,,,,,,,,未找到
高东盛苑,浦东新区,,,,,,,,,,未找到
新城新苑,浦东新区,,,,,,,,,,未找到
新世纪花园,浦东新区,,,,,,,,,,未找到
高东路家苑,浦东新区,,,,,,,,,,未找到
瑞和弄,浦东新区,,,,,,,,,,未找到
高东镇馨苑,浦东新区,,,,,,,,,,未找到
凤凰丽苑,浦东新区,,,,,,,,,,未找到
宜居尚城,浦东新区,,,,,,,,,,未找到
博雅住宅,浦东新区,,,,,,,,,,未找到
宏宇公寓,浦东新区,,,,,,,,,,未找到
新世纪雅苑,浦东新区,,,,,,,,,,未找到
瑞丰坊,浦东新区,,,,,,,,,,未找到
凌桥花苑,浦东新区,,,,,,,,,,未找到
鑫都大楼,浦东新区,,,,,,,,,,未找到
凤凰住宅,浦东新区,,,,,,,,,,未找到
宏达湾,浦东新区,,,,,,,,,,未找到
富贵城,浦东新区,,,,,,,,,,未找到
永宁花园,浦东新区,,,,,,,,,,未找到
金杨新村八街坊,浦东新区,,,,,,,,,,未找到
高桥花苑,浦东新区,,,,,,,,,,未找到
金杨新村四街坊,浦东新区,,,,,,,,,,未找到
锦绣公寓,浦东新区,,,,,,,,,,未找到
高行怡苑,浦东新区,,,,,,,,,,未找到
高行路湾,浦东新区,,,,,,,,,,未找到
花木鑫丰苑,浦东新区,,,,,,,,,,未找到
永和苑,浦东新区,,,,,,,,,,未找到
阳光坊,浦东新区,,,,,,,,,,未找到
永泰里,浦东新区,,,,,,,,,,未找到
高行雅苑,浦东新区,,,,,,,,,,未找到
高行路花苑,浦东新区,,,,,,,,,,未找到
高行和苑,浦东新区,,,,,,,,,,未找到
高行路新村,浦东新区,,,,,,,,,,未找到
鑫城公寓,浦东新区,,,,,,,,,,未找到
高行镇花园,浦东新区,,,,,,,,,,未找到
高行路盛苑,浦东新区,,,,,,,,,,未找到
嘉泰景苑,浦东新区,,,,,,,,,,未找到
高行镇怡苑,浦东新区,,,,,,,,,,未找到
盛世坊,浦东新区,,,,,,,,,,未找到
锦绣大楼,浦东新区,,,,,,,,,,未找到
龙腾花园,浦东新区,,,,,,,,,,未找到
高行路绿苑,浦东新区,,,,,,,,,,未找到
大华锦绣华城第1街区,浦东新区,,,,,,,,,,未找到
七莘路花苑,闵行,,,,,,,,,,未找到
七宝中学花苑,闵行,,,,,,,,,,未找到
众众德尚世嘉,闵行,,,,,,,,,,未找到
万科城花新圆,闵行,,,,,,,,,,未找到
爱博二村,闵行,,,,,,,,,,未找到
航华新村,闵行,,,,,,,,,,未找到
虹梅南苑,闵行,,,,,,,,,,未找到
虹景苑,闵行,,,,,,,,,,未找到
宏伟花苑,闵行,,,,,,,,,,未找到
宝龙城花苑,闵行,,,,,,,,,,未找到
航东路花苑,闵行,,,,,,,,,,未找到
七宝街湾,闵行,,,,,,,,,,未找到
永泰新苑,闵行,,,,,,,,,,未找到
南洋瑞都,闵行,,,,,,,,,,未找到
罗阳三村,闵行,,,,,,,,,,未找到
宏达住宅,闵行,,,,,,,,,,未找到
七宝花苑,闵行,,,,,,,,,,未找到
七宝街公寓,闵行,,,,,,,,,,未找到
未名园,闵行,,,,,,,,,,未找到
丽华公寓,闵行,,,,,,,,,,未找到
永安住宅,闵行,,,,,,,,,,未找到
西郊九韵城,闵行,,,,,,,,,,未找到
上陇新村,闵行,,,,,,,,,,未找到
爱庐世纪新苑,闵行,,,,,,,,,,未找到
华漕镇锦苑,闵行,,,,,,,,,,未找到
温馨花园,闵行,,,,,,,,,,未找到
幸福苑,闵行,,,,,,,,,,未找到
华漕街绿苑,闵行,,,,,,,,,,未找到
华漕街庭,闵行,,,,,,,,,,未找到
华漕花苑,闵行,,,,,,,,,,未找到
华漕路馨苑,闵行,,,,,,,,,,未找到
新都景苑,闵行,,,,,,,,,,未找到
华漕镇庭,闵行,,,,,,,,,,未找到
华漕街花苑,闵行,,,,,,,,,,未找到
永兴绿苑,闵行,,,,,,,,,,未找到
凤凰城,闵行,,,,,,,,,,未找到
大上海国际花园,闵行,,,,,,,,,,未找到
鹤庆花苑,闵行,,,,,,,,,,未找到
名都新城一期,闵行,,,,,,,,,,未找到
金榜世家六期,闵行,,,,,,,,,,未找到
幸福弄,闵行,,,,,,,,,,未找到
东方苑,闵行,,,,,,,,,,未找到
新城绿苑,闵行,,,,,,,,,,未找到
东苑半岛,闵行,,,,,,,,,,未找到
新家城,闵行,,,,,,,,,,未找到
古美花苑,闵行,,,,,,,,,,未找到
莲花公寓,闵行,,,,,,,,,,未找到
平阳路花苑,闵行,,,,,,,,,,未找到
万源路花苑,闵行,,,,,,,,,,未找到
盛世弄,闵行,,,,,,,,,,未找到
龙腾绿苑,闵行,,,,,,,,,,未找到
虹梅菁典,闵行,,,,,,,,,,未找到
欧风花都,闵行,,,,,,,,,,未找到
锦辉苑,闵行,,,,,,,,,,未找到
鑫都锦苑,闵行,,,,,,,,,,未找到
宏伟一期,闵行,,,,,,,,,,未找到
锦绣花园,闵行,,,,,,,,,,未找到
世纪锦苑,闵行,,,,,,,,,,未找到
旭辉浦江国际,闵行,,,,,,,,,,未找到
吴泾路盛苑,闵行,,,,,,,,,,未找到
鑫城坊,闵行,,,,,,,,,,未找到
吴泾街城,闵行,,,,,,,,,,未找到
吴泾街苑,闵行,,,,,,,,,,未找到
新景小区,闵行,,,,,,,,,,未找到
吴泾路城,闵行,,,,,,,,,,未找到
吴泾路苑,闵行,,,,,,,,,,未找到
吴泾路坊,闵行,,,,,,,,,,未找到
吴泾街湾,闵行,,,,,,,,,,未找到
海联花苑,闵行,,,,,,,,,,未找到
富仕名邸一期,闵行,,,,,,,,,,未找到
万科优诗美地,闵行,,,,,,,,,,未找到
华发四季半岛,闵行,,,,,,,,,,未找到
吉祥二期,闵行,,,,,,,,,,未找到
锦乐馨苑,闵行,,,,,,,,,,未找到
鹤北一街坊,闵行,,,,,,,,,,未找到
城开云外,闵行,,,,,,,,,,未找到
春天大楼,闵行,,,,,,,,,,未找到
圣得恒业花园,闵行,,,,,,,,,,未找到
锦梅花苑,闵行,,,,,,,,,,未找到
温馨盛苑,闵行,,,,,,,,,,未找到
西郊庄园,闵行,,,,,,,,,,未找到
吉祥坊,闵行,,,,,,,,,,未找到
紫藤二村,闵行,,,,,,,,,,未找到
金色城,闵行,,,,,,,,,,未找到
虹梅路花苑,闵行,,,,,,,,,,未找到
安居公寓,闵行,,,,,,,,,,未找到
同济融创玫瑰公馆,闵行,,,,,,,,,,未找到
梅陇湾,闵行,,,,,,,,,,未找到
梅陇花苑,闵行,,,,,,,,,,未找到
新华小区,闵行,,,,,,,,,,未找到
南方花苑,闵行,,,,,,,,,,未找到
上中路花苑,闵行,,,,,,,,,,未找到
梅陇新村,闵行,,,,,,,,,,未找到
梅陇街湾,闵行,,,,,,,,,,未找到
新城府,闵行,,,,,,,,,,未找到
鹤明小区,闵行,,,,,,,,,,未找到
瑞丰府,闵行,,,,,,,,,,未找到
好第坊,闵行,,,,,,,,,,未找到
宏宇怡苑,闵行,,,,,,,,,,未找到
盛世景苑,闵行,,,,,,,,,,未找到
江川镇丽苑,闵行,,,,,,,,,,未找到
明珠二期,闵行,,,,,,,,,,未找到
江川路弄,闵行,,,,,,,,,,未找到
浦江花苑,闵行,,,,,,,,,,未找到
凤凰弄,闵行,,,,,,,,,,未找到
江川路盛苑,闵行,,,,,,,,,,未找到
嘉泰锦苑,闵行,,,,,,,,,,未找到
宜居苑,闵行,,,,,,,,,,未找到
西班牙名园,闵行,,,,,,,,,,未找到
江川镇城,闵行,,,,,,,,,,未找到
嘉泰馨苑,闵行,,,,,,,,,,未找到
永丰公寓,闵行,,,,,,,,,,未找到
江川湾,闵行,,,,,,,,,,未找到
江川公寓,闵行,,,,,,,,,,未找到
梦景苑,闵行,,,,,,,,,,未找到
江川镇馨苑,闵行,,,,,,,,,,未找到
瑞和公寓,闵行,,,,,,,,,,未找到
嘉宝城,闵行,,,,,,,,,,未找到
汇智湖畔,闵行,,,,,,,,,,未找到
浦航花苑,闵行,,,,,,,,,,未找到
万科浦江坤庭,闵行,,,,,,,,,,未找到
世纪坊,闵行,,,,,,,,,,未找到
浦锦路花苑,闵行,,,,,,,,,,未找到
虹山半岛,闵行,,,,,,,,,,未找到
都市宜家,闵行,,,,,,,,,,未找到
新家住宅,闵行,,,,,,,,,,未找到
绿水家园,闵行,,,,,,,,,,未找到
浦江世博,闵行,,,,,,,,,,未找到
嘉和盛苑,闵行,,,,,,,,,,未找到
浦江新村,闵行,,,,,,,,,,未找到
永福三期,闵行,,,,,,,,,,未找到
康乐绿苑,闵行,,,,,,,,,,未找到
沧源小区,闵行,,,,,,,,,,未找到
浦江路华庭,闵行,,,,,,,,,,未找到
鹤北二街坊,闵行,,,,,,,,,,未找到
嘉宝盛苑,闵行,,,,,,,,,,未找到
华江小区,闵行,,,,,,,,,,未找到
平阳四街坊,闵行,,,,,,,,,,未找到
罗锦苑,闵行,,,,,,,,,,未找到
浦锦街雅苑,闵行,,,,,,,,,,未找到
春天怡苑,闵行,,,,,,,,,,未找到
嘉和湾,闵行,,,,,,,,,,未找到
水清年华花苑,闵行,,,,,,,,,,未找到
浦锦路和苑,闵行,,,,,,,,,,未找到
永兴新苑,闵行,,,,,,,,,,未找到
太平城,闵行,,,,,,,,,,未找到
新都住宅,闵行,,,,,,,,,,未找到
浦锦镇怡苑,闵行,,,,,,,,,,未找到
新世纪华庭,闵行,,,,,,,,,,未找到
盛世丽苑,闵行,,,,,,,,,,未找到
龙腾丽苑,闵行,,,,,,,,,,未找到
浦锦街湾,闵行,,,,,,,,,,未找到
浦锦街和苑,闵行,,,,,,,,,,未找到
浦锦镇和苑,闵行,,,,,,,,,,未找到
富强街78号,闵行,,,,,,,,,,未找到
东方新苑,闵行,,,,,,,,,,未找到
春辉新村,闵行,,,,,,,,,,未找到
宏达小区,闵行,,,,,,,,,,未找到
新城弄,闵行,,,,,,,,,,未找到
星光丽苑,闵行,,,,,,,,,,未找到
金铭文博水景公寓,闵行,,,,,,,,,,未找到
瑞丰嘉苑,闵行,,,,,,,,,,未找到
紫竹路丽苑,闵行,,,,,,,,,,未找到
华府天地愉园,闵行,,,,,,,,,,未找到
万源城朗郡,闵行,,,,,,,,,,未找到
吴泾花苑,闵行,,,,,,,,,,未找到
宜居怡苑,闵行,,,,,,,,,,未找到
紫竹科学园区,闵行,,,,,,,,,,未找到
紫竹半岛,闵行,,,,,,,,,,未找到
永宁绿苑,闵行,,,,,,,,,,未找到
东川路花苑,闵行,,,,,,,,,,未找到
朱梅小区,闵行,,,,,,,,,,未找到
新景馨苑,闵行,,,,,,,,,,未找到
华师大公寓,闵行,,,,,,,,,,未找到
万科花园小城,闵行,,,,,,,,,,未找到
永德宝邸,闵行,,,,,,,,,,未找到
紫竹街雅苑,闵行,,,,,,,,,,未找到
康乐庭,闵行,,,,,,,,,,未找到
平吉二村,闵行,,,,,,,,,,未找到
太平三期,闵行,,,,,,,,,,未找到
瑞景盛苑,闵行,,,,,,,,,,未找到
风度国际,闵行,,,,,,,,,,未找到
航华新苑,闵行,,,,,,,,,,未找到
永乐坊,闵行,,,,,,,,,,未找到
银河小区,闵行,,,,,,,,,,未找到
瑞景华庭,闵行,,,,,,,,,,未找到
航华广场,闵行,,,,,,,,,,未找到
航华路庭,闵行,,,,,,,,,,未找到
航华路怡苑,闵行,,,,,,,,,,未找到
航华街名邸,闵行,,,,,,,,,,未找到
航华镇绿苑,闵行,,,,,,,,,,未找到
蔷薇新村,闵行,,,,,,,,,,未找到
航华镇公寓,闵行,,,,,,,,,,未找到
安居城,闵行,,,,,,,,,,未找到
永宁华庭,闵行,,,,,,,,,,未找到
航华和苑,闵行,,,,,,,,,,未找到
罗阳七村,闵行,,,,,,,,,,未找到
莘庄龙之梦花苑,闵行,,,,,,,,,,未找到
嘉华华庭,闵行,,,,,,,,,,未找到
剑桥景苑,闵行,,,,,,,,,,未找到
绿洲二期,闵行,,,,,,,,,,未找到
莘庄花苑,闵行,,,,,,,,,,未找到
春申花苑,闵行,,,,,,,,,,未找到
太平府,闵行,,,,,,,,,,未找到
莘松新村,闵行,,,,,,,,,,未找到
都市花苑,闵行,,,,,,,,,,未找到
嘉华弄,闵行,,,,,,,,,,未找到
报春花苑,闵行,,,,,,,,,,未找到
绿梅公寓,闵行,,,,,,,,,,未找到
博雅二期,闵行,,,,,,,,,,未找到
永丰大楼,闵行,,,,,,,,,,未找到
东苑古龙城,闵行,,,,,,,,,,未找到
交大东川花苑,闵行,,,,,,,,,,未找到
莘庄工业区家苑,闵行,,,,,,,,,,未找到
九歌上郡,闵行,,,,,,,,,,未找到
莘庄工业区路绿苑,闵行,,,,,,,,,,未找到
盛世三期,闵行,,,,,,,,,,未找到
安居新村,闵行,,,,,,,,,,未找到
莘庄工业区路公寓,闵行,,,,,,,,,,未找到
莘庄工业区街绿苑,闵行,,,,,,,,,,未找到
莘庄工业区街家苑,闵行,,,,,,,,,,未找到
鹤北新苑,闵行,,,,,,,,,,未找到
瑞景弄,闵行,,,,,,,,,,未找到
莘庄工业区街盛苑,闵行,,,,,,,,,,未找到
东方弄,闵行,,,,,,,,,,未找到
莘庄工业区绿苑,闵行,,,,,,,,,,未找到
莘庄工业区路城,闵行,,,,,,,,,,未找到
万科蓝山,闵行,,,,,,,,,,未找到
永宁府,闵行,,,,,,,,,,未找到
罗阳二村,闵行,,,,,,,,,,未找到
春天馨苑,闵行,,,,,,,,,,未找到
宏伟广场,闵行,,,,,,,,,,未找到
晨曦盛苑,闵行,,,,,,,,,,未找到
龙柏花苑,闵行,,,,,,,,,,未找到
红松路花苑,闵行,,,,,,,,,,未找到
银河大楼,闵行,,,,,,,,,,未找到
玫瑰99,闵行,,,,,,,,,,未找到
绿洲小区,闵行,,,,,,,,,,未找到
永和怡苑,闵行,,,,,,,,,,未找到
和谐城,闵行,,,,,,,,,,未找到
华唐苑,闵行,,,,,,,,,,未找到
世纪绿苑,闵行,,,,,,,,,,未找到
明珠三期,闵行,,,,,,,,,,未找到
中崇滨江古北中央公园,闵行,,,,,,,,,,未找到
颛桥二期,闵行,,,,,,,,,,未找到
和谐嘉苑,闵行,,,,,,,,,,未找到
颛桥新村,闵行,,,,,,,,,,未找到
鑫都城云天绿洲,闵行,,,,,,,,,,未找到
都会路花苑,闵行,,,,,,,,,,未找到
颛桥花苑,闵行,,,,,,,,,,未找到
平吉一村,闵行,,,,,,,,,,未找到
金色花苑,闵行,,,,,,,,,,未找到
宏达嘉苑,闵行,,,,,,,,,,未找到
永宁家苑,闵行,,,,,,,,,,未找到
银都花苑,闵行,,,,,,,,,,未找到
梅陇二村,闵行,,,,,,,,,,未找到
北桥花苑,闵行,,,,,,,,,,未找到
东苑新天地,闵行,,,,,,,,,,未找到
新世纪住宅,闵行,,,,,,,,,,未找到
绿洲家苑,闵行,,,,,,,,,,未找到
新都新村,闵行,,,,,,,,,,未找到
上海春城三期,闵行,,,,,,,,,,未找到
春申景城三期,闵行,,,,,,,,,,未找到
新城大楼,闵行,,,,,,,,,,未找到
春天一期,闵行,,,,,,,,,,未找到
晨曦丽苑,闵行,,,,,,,,,,未找到
宏达弄,闵行,,,,,,,,,,未找到
龙腾一期,闵行,,,,,,,,,,未找到
马桥花苑,闵行,,,,,,,,,,未找到
马桥绿苑,闵行,,,,,,,,,,未找到
马桥镇佳苑,闵行,,,,,,,,,,未找到
马桥镇盛苑,闵行,,,,,,,,,,未找到
南方新村,闵行,,,,,,,,,,未找到
新城广场,闵行,,,,,,,,,,未找到
万科假日风景,闵行,,,,,,,,,,未找到
马桥路花园,闵行,,,,,,,,,,未找到
春申景城一期,闵行,,,,,,,,,,未找到
阳光嘉苑,闵行,,,,,,,,,,未找到
马桥镇馨苑,闵行,,,,,,,,,,未找到
中城绿苑,闵行,,,,,,,,,,未找到
永泰住宅,闵行,,,,,,,,,,未找到
世纪馨苑,闵行,,,,,,,,,,未找到
马桥镇里,闵行,,,,,,,,,,未找到
鹤庆路街花园,闵行,,,,,,,,,,未找到
鹤庆路嘉苑,闵行,,,,,,,,,,未找到
鹤庆路街怡苑,闵行,,,,,,,,,,未找到
鹤庆路镇家苑,闵行,,,,,,,,,,未找到
新城庭,闵行,,,,,,,,,,未找到
永丰二期,闵行,,,,,,,,,,未找到
新罗秀苑,闵行,,,,,,,,,,未找到
鹤庆路镇湾,闵行,,,,,,,,,,未找到
好世凤凰城,闵行,,,,,,,,,,未找到
新景花园,闵行,,,,,,,,,,未找到
永乐小区,闵行,,,,,,,,,,未找到
凤凰三期,闵行,,,,,,,,,,未找到
鹤庆路街庭,闵行,,,,,,,,,,未找到
翠竹住宅,闵行,,,,,,,,,,未找到
新都湾,闵行,,,,,,,,,,未找到
安居苑,闵行,,,,,,,,,,未找到
温馨庭,闵行,,,,,,,,,,未找到
幸福里,闵行,,,,,,,,,,未找到
永和弄,闵行,,,,,,,,,,未找到
锦绣家苑,闵行,,,,,,,,,,未找到
凤凰二期,闵行,,,,,,,,,,未找到
龙柏镇湾,闵行,,,,,,,,,,未找到
龙柏路里,闵行,,,,,,,,,,未找到
春天嘉苑,闵行,,,,,,,,,,未找到
普乐二村,闵行,,,,,,,,,,未找到
幸福花苑,闵行,,,,,,,,,,未找到
永宁城,闵行,,,,,,,,,,未找到
龙柏路湾,闵行,,,,,,,,,,未找到
阳光新苑,闵行,,,,,,,,,,未找到
上海阳城,闵行,,,,,,,,,,未找到
龙柏大楼,闵行,,,,,,,,,,未找到
龙柏路家苑,闵行,,,,,,,,,,未找到
永宁弄,闵行,,,,,,,,,,未找到
星光小区,闵行,,,,,,,,,,未找到
龙柏路丽苑,闵行,,,,,,,,,,未找到
龙柏怡苑,闵行,,,,,,,,,,未找到
龙柏路华庭,闵行,,,,,,,,,,未找到
西班牙名苑,闵行,,,,,,,,,,未找到
共和新路花苑二期,宝山,,,,,,,,,,未找到
呼玛路花苑,宝山,,,,,,,,,,未找到
共和新路花苑,宝山,,,,,,,,,,未找到
新景湾,宝山,,,,,,,,,,未找到
万象盛苑,宝山,,,,,,,,,,未找到
通河新村,宝山,,,,,,,,,,未找到
共康路大楼,宝山,,,,,,,,,,未找到
共康花苑,宝山,,,,,,,,,,未找到
共康路绿苑,宝山,,,,,,,,,,未找到
刘行路新苑,宝山,,,,,,,,,,未找到
刘行路广场,宝山,,,,,,,,,,未找到
刘行华庭,宝山,,,,,,,,,,未找到
嘉泰一期,宝山,,,,,,,,,,未找到
刘行镇绿苑,宝山,,,,,,,,,,未找到
大华锦上城,宝山,,,,,,,,,,未找到
刘行街住宅,宝山,,,,,,,,,,未找到
锦绣华庭,宝山,,,,,,,,,,未找到
刘行新苑,宝山,,,,,,,,,,未找到
宏宇花园,宝山,,,,,,,,,,未找到
和欣国际花园,宝山,,,,,,,,,,未找到
晨曦公寓,宝山,,,,,,,,,,未找到
宏伟景苑,宝山,,,,,,,,,,未找到
友谊路路苑,宝山,,,,,,,,,,未找到
友谊路街馨苑,宝山,,,,,,,,,,未找到
星光锦苑,宝山,,,,,,,,,,未找到
友谊路镇绿苑,宝山,,,,,,,,,,未找到
银河三期,宝山,,,,,,,,,,未找到
友谊路路怡苑,宝山,,,,,,,,,,未找到
友谊路镇坊,宝山,,,,,,,,,,未找到
永福华庭,宝山,,,,,,,,,,未找到
友谊路路广场,宝山,,,,,,,,,,未找到
友谊路绿苑,宝山,,,,,,,,,,未找到
友谊路路盛苑,宝山,,,,,,,,,,未找到
瑞景馨苑,宝山,,,,,,,,,,未找到
吴淞路弄,宝山,,,,,,,,,,未找到
吴淞花苑,宝山,,,,,,,,,,未找到
新家大楼,宝山,,,,,,,,,,未找到
和谐里,宝山,,,,,,,,,,未找到
美罗家园润苑,宝山,,,,,,,,,,未找到
天馨花园,宝山,,,,,,,,,,未找到
大华锦绣,宝山,,,,,,,,,,未找到
宏宇嘉苑,宝山,,,,,,,,,,未找到
大华公寓,宝山,,,,,,,,,,未找到
大华路里,宝山,,,,,,,,,,未找到
大华阳城,宝山,,,,,,,,,,未找到
大华虎城花苑,宝山,,,,,,,,,,未找到
海尚明城,宝山,,,,,,,,,,未找到
大华街大楼,宝山,,,,,,,,,,未找到
大华花苑,宝山,,,,,,,,,,未找到
永丰三期,宝山,,,,,,,,,,未找到
绿洲住宅,宝山,,,,,,,,,,未找到
晨曦嘉苑,宝山,,,,,,,,,,未找到
盛世庭,宝山,,,,,,,,,,未找到
明珠花园,宝山,,,,,,,,,,未找到
庙行丽苑,宝山,,,,,,,,,,未找到
永福广场,宝山,,,,,,,,,,未找到
庙行镇盛苑,宝山,,,,,,,,,,未找到
温馨城,宝山,,,,,,,,,,未找到
新都庭,宝山,,,,,,,,,,未找到
庙行街湾,宝山,,,,,,,,,,未找到
庙行路家苑,宝山,,,,,,,,,,未找到
新都花园,宝山,,,,,,,,,,未找到
庙行街里,宝山,,,,,,,,,,未找到
庙行街雅苑,宝山,,,,,,,,,,未找到
金色新村,宝山,,,,,,,,,,未找到
嘉华锦苑,宝山,,,,,,,,,,未找到
吉祥一期,宝山,,,,,,,,,,未找到
新景盛苑,宝山,,,,,,,,,,未找到
新世纪小区,宝山,,,,,,,,,,未找到
张庙街馨苑,宝山,,,,,,,,,,未找到
通河路花苑,宝山,,,,,,,,,,未找到
张庙街府,宝山,,,,,,,,,,未找到
瑞景小区,宝山,,,,,,,,,,未找到
张庙街庭,宝山,,,,,,,,,,未找到
世纪城,宝山,,,,,,,,,,未找到
宝山路花苑,宝山,,,,,,,,,,未找到
美罗家园年吉苑,宝山,,,,,,,,,,未找到
张庙街家苑,宝山,,,,,,,,,,未找到
新世纪三期,宝山,,,,,,,,,,未找到
和谐苑,宝山,,,,,,,,,,未找到
张庙路怡苑,宝山,,,,,,,,,,未找到
新家花苑,宝山,,,,,,,,,,未找到
博雅弄,宝山,,,,,,,,,,未找到
月浦街湾,宝山,,,,,,,,,,未找到
月浦街坊,宝山,,,,,,,,,,未找到
月浦花苑,宝山,,,,,,,,,,未找到
月浦华庭,宝山,,,,,,,,,,未找到
月浦街新苑,宝山,,,,,,,,,,未找到
月浦街华庭,宝山,,,,,,,,,,未找到
新景锦苑,宝山,,,,,,,,,,未找到
永乐盛苑,宝山,,,,,,,,,,未找到
月浦街名邸,宝山,,,,,,,,,,未找到
月浦镇花园,宝山,,,,,,,,,,未找到
阳光住宅,宝山,,,,,,,,,,未找到
月浦街盛苑,宝山,,,,,,,,,,未找到
杨行路怡苑,宝山,,,,,,,,,,未找到
康乐雅苑,宝山,,,,,,,,,,未找到
杨行路新苑,宝山,,,,,,,,,,未找到
杨行路弄,宝山,,,,,,,,,,未找到
杨行路新村,宝山,,,,,,,,,,未找到
金色花园,宝山,,,,,,,,,,未找到
杨行城,宝山,,,,,,,,,,未找到
杨行府,宝山,,,,,,,,,,未找到
杨行街府,宝山,,,,,,,,,,未找到
杨行花苑,宝山,,,,,,,,,,未找到
杨行嘉苑,宝山,,,,,,,,,,未找到
杨行佳苑,宝山,,,,,,,,,,未找到
瑞丰广场,宝山,,,,,,,,,,未找到
和家欣苑,宝山,,,,,,,,,,未找到
锦辉绿园,宝山,,,,,,,,,,未找到
世纪公寓,宝山,,,,,,,,,,未找到
锦绣弄,宝山,,,,,,,,,,未找到
淞南花苑,宝山,,,,,,,,,,未找到
淞南路家苑,宝山,,,,,,,,,,未找到
新都馨苑,宝山,,,,,,,,,,未找到
长江路公寓,宝山,,,,,,,,,,未找到
淞南路公寓,宝山,,,,,,,,,,未找到
万业紫辰苑,宝山,,,,,,,,,,未找到
淞南路一期,宝山,,,,,,,,,,未找到
淞南镇花苑,宝山,,,,,,,,,,未找到
保利叶之林,宝山,,,,,,,,,,未找到
中环一号,宝山,,,,,,,,,,未找到
新家湾,宝山,,,,,,,,,,未找到
宜居大楼,宝山,,,,,,,,,,未找到
永泰庭,宝山,,,,,,,,,,未找到
春天二期,宝山,,,,,,,,,,未找到
美兰湖二期,宝山,,,,,,,,,,未找到
罗店镇馨苑,宝山,,,,,,,,,,未找到
吉祥盛苑,宝山,,,,,,,,,,未找到
罗店住宅,宝山,,,,,,,,,,未找到
世纪二期,宝山,,,,,,,,,,未找到
鑫城景苑,宝山,,,,,,,,,,未找到
嘉和花苑,宝山,,,,,,,,,,未找到
罗店镇家苑,宝山,,,,,,,,,,未找到
罗店街庭,宝山,,,,,,,,,,未找到
鑫都华庭,宝山,,,,,,,,,,未找到
宝杨路2021弄,宝山,,,,,,,,,,未找到
罗店路家苑,宝山,,,,,,,,,,未找到
美罗家园金丰苑一区,宝山,,,,,,,,,,未找到
罗泾路大楼,宝山,,,,,,,,,,未找到
罗泾街景苑,宝山,,,,,,,,,,未找到
绿洲锦苑,宝山,,,,,,,,,,未找到
罗泾家苑,宝山,,,,,,,,,,未找到
罗泾路嘉苑,宝山,,,,,,,,,,未找到
罗泾华庭,宝山,,,,,,,,,,未找到
罗泾街城,宝山,,,,,,,,,,未找到
永泰一期,宝山,,,,,,,,,,未找到
罗泾镇馨苑,宝山,,,,,,,,,,未找到
大黄馨苑,宝山,,,,,,,,,,未找到
嘉泰坊,宝山,,,,,,,,,,未找到
永丰里,宝山,,,,,,,,,,未找到
罗店花苑,宝山,,,,,,,,,,未找到
美兰湖花苑,宝山,,,,,,,,,,未找到
太平弄,宝山,,,,,,,,,,未找到
美兰湖里,宝山,,,,,,,,,,未找到
怡华苑,宝山,,,,,,,,,,未找到
中冶尚园,宝山,,,,,,,,,,未找到
翠竹锦苑,宝山,,,,,,,,,,未找到
绿洲里,宝山,,,,,,,,,,未找到
顾村路景苑,宝山,,,,,,,,,,未找到
阳光庭,宝山,,,,,,,,,,未找到
顾村公园花苑,宝山,,,,,,,,,,未找到
新城公寓,宝山,,,,,,,,,,未找到
陈广路花苑,宝山,,,,,,,,,,未找到
顾村花苑,宝山,,,,,,,,,,未找到
菊泉街花苑,宝山,,,,,,,,,,未找到
顾村路一期,宝山,,,,,,,,,,未找到
顾村路雅苑,宝山,,,,,,,,,,未找到
万科琥珀郡,宝山,,,,,,,,,,未找到
宏伟公寓,宝山,,,,,,,,,,未找到
保利叶都,宝山,,,,,,,,,,未找到
宜居一期,宝山,,,,,,,,,,未找到
嘉和锦苑,宝山,,,,,,,,,,未找到
瑞和苑,宝山,,,,,,,,,,未找到
顾村街庭,宝山,,,,,,,,,,未找到
银河住宅,宝山,,,,,,,,,,未找到
顾村路绿苑,宝山,,,,,,,,,,未找到
宜居嘉苑,宝山,,,,,,,,,,未找到
高境家苑,宝山,,,,,,,,,,未找到
太平雅苑,宝山,,,,,,,,,,未找到
盛世雅苑,宝山,,,,,,,,,,未找到
高境镇城,宝山,,,,,,,,,,未找到
阳光城,宝山,,,,,,,,,,未找到
嘉华丽苑,宝山,,,,,,,,,,未找到
高境雅苑,宝山,,,,,,,,,,未找到
高境镇兴苑,宝山,,,,,,,,,,未找到
大华铂金华府,宝山,,,,,,,,,,未找到
共康七村,宝山,,,,,,,,,,未找到
高境镇新苑,宝山,,,,,,,,,,未找到
高境路名邸,宝山,,,,,,,,,,未找到
温馨小区,宝山,,,,,,,,,,未找到
太平新苑,宝山,,,,,,,,,,未找到
丰庄街坊,嘉定,,,,,,,,,,未找到
丰庄路城,嘉定,,,,,,,,,,未找到
丰庄镇盛苑,嘉定,,,,,,,,,,未找到
丰庄路家苑,嘉定,,,,,,,,,,未找到
新城金郡,嘉定,,,,,,,,,,未找到
太平一期,嘉定,,,,,,,,,,未找到
丰庄镇府,嘉定,,,,,,,,,,未找到
丰庄街怡苑,嘉定,,,,,,,,,,未找到
丰庄丽苑,嘉定,,,,,,,,,,未找到
瑞和城,嘉定,,,,,,,,,,未找到
金鹤新城双佳翠庭,嘉定,,,,,,,,,,未找到
华亭路府,嘉定,,,,,,,,,,未找到
华亭花苑,嘉定,,,,,,,,,,未找到
华亭街家苑,嘉定,,,,,,,,,,未找到
春天新村,嘉定,,,,,,,,,,未找到
华亭街坊,嘉定,,,,,,,,,,未找到
华亭街新苑,嘉定,,,,,,,,,,未找到
永安花苑,嘉定,,,,,,,,,,未找到
华亭里,嘉定,,,,,,,,,,未找到
华亭路坊,嘉定,,,,,,,,,,未找到
南翔庭,嘉定,,,,,,,,,,未找到
永安华庭,嘉定,,,,,,,,,,未找到
新城小区,嘉定,,,,,,,,,,未找到
南翔印象,嘉定,,,,,,,,,,未找到
瑞丰家苑,嘉定,,,,,,,,,,未找到
南翔太茂花苑,嘉定,,,,,,,,,,未找到
银翔湖畔,嘉定,,,,,,,,,,未找到
金鹤新城缘圆宝邸,嘉定,,,,,,,,,,未找到
万达城市公寓,嘉定,,,,,,,,,,未找到
宏伟弄,嘉定,,,,,,,,,,未找到
嘉华公寓,嘉定,,,,,,,,,,未找到
永宁怡苑,嘉定,,,,,,,,,,未找到
春天景苑,嘉定,,,,,,,,,,未找到
花香澜庭,嘉定,,,,,,,,,,未找到
中信泰富,嘉定,,,,,,,,,,未找到
嘉宝梦之湾,嘉定,,,,,,,,,,未找到
保利梧桐语,嘉定,,,,,,,,,,未找到
嘉定宝龙,嘉定,,,,,,,,,,未找到
远香湖花苑,嘉定,,,,,,,,,,未找到
嘉定新城花苑,嘉定,,,,,,,,,,未找到
嘉定新城街新苑,嘉定,,,,,,,,,,未找到
中宏华园,嘉定,,,,,,,,,,未找到
嘉定老城路华庭,嘉定,,,,,,,,,,未找到
嘉定老城路苑,嘉定,,,,,,,,,,未找到
龙湖天璞雅筑,嘉定,,,,,,,,,,未找到
嘉定老城路新苑,嘉定,,,,,,,,,,未找到
嘉定老城街嘉苑,嘉定,,,,,,,,,,未找到
嘉定老城嘉苑,嘉定,,,,,,,,,,未找到
嘉定老城街新村,嘉定,,,,,,,,,,未找到
宏伟住宅,嘉定,,,,,,,,,,未找到
新都苑,嘉定,,,,,,,,,,未找到
新都二期,嘉定,,,,,,,,,,未找到
嘉定老城丽苑,嘉定,,,,,,,,,,未找到
嘉宝花苑,嘉定,,,,,,,,,,未找到
瑞丰花园,嘉定,,,,,,,,,,未找到
嘉定老城路庭,嘉定,,,,,,,,,,未找到
嘉定老城街花园,嘉定,,,,,,,,,,未找到
嘉定老城街丽苑,嘉定,,,,,,,,,,未找到
大宅风范城,嘉定,,,,,,,,,,未找到
嘉定老城街公寓,嘉定,,,,,,,,,,未找到
金河和新城远远宝地,嘉定,,,,,,,,,,未找到
嘉宝景苑,嘉定,,,,,,,,,,未找到
外冈花苑,嘉定,,,,,,,,,,未找到
永兴一期,嘉定,,,,,,,,,,未找到
锦绣丽苑,嘉定,,,,,,,,,,未找到
外冈路二期,嘉定,,,,,,,,,,未找到
外冈丽苑,嘉定,,,,,,,,,,未找到
瑞和里,嘉定,,,,,,,,,,未找到
外冈路丽苑,嘉定,,,,,,,,,,未找到
嘉海雅苑,嘉定,,,,,,,,,,未找到
凤凰苑,嘉定,,,,,,,,,,未找到
绿洲华庭,嘉定,,,,,,,,,,未找到
安亭新村,嘉定,,,,,,,,,,未找到
大众花苑,嘉定,,,,,,,,,,未找到
安亭新镇,嘉定,,,,,,,,,,未找到
万象嘉苑,嘉定,,,,,,,,,,未找到
新城香溢璟庭一期,嘉定,,,,,,,,,,未找到
安亭路公寓,嘉定,,,,,,,,,,未找到
银河新村,嘉定,,,,,,,,,,未找到
春天小区,嘉定,,,,,,,,,,未找到
安亭街花园,嘉定,,,,,,,,,,未找到
安亭路馨苑,嘉定,,,,,,,,,,未找到
幸福府,嘉定,,,,,,,,,,未找到
金鹤新城水岸金桥苑,嘉定,,,,,,,,,,未找到
湖畔天下,嘉定,,,,,,,,,,未找到
富贵馨苑,嘉定,,,,,,,,,,未找到
工业区镇华庭,嘉定,,,,,,,,,,未找到
绿洲怡苑,嘉定,,,,,,,,,,未找到
工业区佳苑,嘉定,,,,,,,,,,未找到
红翔新村,嘉定,,,,,,,,,,未找到
富贵丽苑,嘉定,,,,,,,,,,未找到
工业区公寓,嘉定,,,,,,,,,,未找到
嘉华里,嘉定,,,,,,,,,,未找到
工业区馨苑,嘉定,,,,,,,,,,未找到
工业区镇和苑,嘉定,,,,,,,,,,未找到
阳光里,嘉定,,,,,,,,,,未找到
工业区街苑,嘉定,,,,,,,,,,未找到
凤凰家苑,嘉定,,,,,,,,,,未找到
汇丰沁苑,嘉定,,,,,,,,,,未找到
工业区雅苑,嘉定,,,,,,,,,,未找到
新景怡苑,嘉定,,,,,,,,,,未找到
工业区路盛苑,嘉定,,,,,,,,,,未找到
幸福公寓,嘉定,,,,,,,,,,未找到
鑫都府,嘉定,,,,,,,,,,未找到
瑞和庭,嘉定,,,,,,,,,,未找到
金河和新城蓝茵华庭,嘉定,,,,,,,,,,未找到
永安小区,嘉定,,,,,,,,,,未找到
万象雅苑,嘉定,,,,,,,,,,未找到
幸福坊,嘉定,,,,,,,,,,未找到
徐行城,嘉定,,,,,,,,,,未找到
徐行里,嘉定,,,,,,,,,,未找到
徐行花苑,嘉定,,,,,,,,,,未找到
中冶祥腾城市佳园,嘉定,,,,,,,,,,未找到
永宁一期,嘉定,,,,,,,,,,未找到
东方里,嘉定,,,,,,,,,,未找到
富贵怡苑,嘉定,,,,,,,,,,未找到
新世纪怡苑,嘉定,,,,,,,,,,未找到
徐行路锦苑,嘉定,,,,,,,,,,未找到
金鹤新城中房公寓,嘉定,,,,,,,,,,未找到
金鹤新城泰宸复兴苑,嘉定,,,,,,,,,,未找到
徐行路雅苑,嘉定,,,,,,,,,,未找到
嘉城新航域,嘉定,,,,,,,,,,未找到
琥珀天下,嘉定,,,,,,,,,,未找到
金河和新城水岸金桥花园,嘉定,,,,,,,,,,未找到
江桥街大楼,嘉定,,,,,,,,,,未找到
江桥街弄,嘉定,,,,,,,,,,未找到
万达花苑,嘉定,,,,,,,,,,未找到
江桥花苑,嘉定,,,,,,,,,,未找到
永泰馨苑,嘉定,,,,,,,,,,未找到
幸福庭,嘉定,,,,,,,,,,未找到
金地世家,嘉定,,,,,,,,,,未找到
江桥街广场,嘉定,,,,,,,,,,未找到
江桥路城,嘉定,,,,,,,,,,未找到
江桥万达公寓,嘉定,,,,,,,,,,未找到
华江花苑,嘉定,,,,,,,,,,未找到
金色弄,嘉定,,,,,,,,,,未找到
金沙鼎园,嘉定,,,,,,,,,,未找到
佳兆业君汇上品,嘉定,,,,,,,,,,未找到
绿地新江桥城,嘉定,,,,,,,,,,未找到
菊园街新村,嘉定,,,,,,,,,,未找到
永兴苑,嘉定,,,,,,,,,,未找到
菊园街怡苑,嘉定,,,,,,,,,,未找到
菊园路锦苑,嘉定,,,,,,,,,,未找到
嘉城爱琴海,嘉定,,,,,,,,,,未找到
菊园花苑,嘉定,,,,,,,,,,未找到
龙腾坊,嘉定,,,,,,,,,,未找到
菊园路绿苑,嘉定,,,,,,,,,,未找到
鑫都盛苑,嘉定,,,,,,,,,,未找到
菊园街景苑,嘉定,,,,,,,,,,未找到
永宁新苑,嘉定,,,,,,,,,,未找到
晨曦弄,嘉定,,,,,,,,,,未找到
新城住宅,嘉定,,,,,,,,,,未找到
金鹤新城澜茵华庭,嘉定,,,,,,,,,,未找到
森林公馆,嘉定,,,,,,,,,,未找到
佳兆业1号,嘉定,,,,,,,,,,未找到
育兰花苑,嘉定,,,,,,,,,,未找到
盛世怡苑,嘉定,,,,,,,,,,未找到
宝安公路花苑,嘉定,,,,,,,,,,未找到
鑫城小区,嘉定,,,,,,,,,,未找到
马陆花苑,嘉定,,,,,,,,,,未找到
新城三期,嘉定,,,,,,,,,,未找到
马陆路雅苑,嘉定,,,,,,,,,,未找到
马陆路馨苑,嘉定,,,,,,,,,,未找到
马陆街景苑,嘉定,,,,,,,,,,未找到
阳光城新界,嘉定,,,,,,,,,,未找到
华润中央公园别墅,嘉定,,,,,,,,,,未找到
温馨住宅,嘉定,,,,,,,,,,未找到
路劲翡丽湾,嘉定,,,,,,,,,,未找到
保利云上澄光,嘉定,,,,,,,,,,未找到
明珠庭,嘉定,,,,,,,,,,未找到
黄渡街新苑,嘉定,,,,,,,,,,未找到
永宁公寓,嘉定,,,,,,,,,,未找到
黄渡路花园,嘉定,,,,,,,,,,未找到
黄渡小区,嘉定,,,,,,,,,,未找到
永泰花苑,嘉定,,,,,,,,,,未找到
黄渡镇华庭,嘉定,,,,,,,,,,未找到
温馨绿苑,嘉定,,,,,,,,,,未找到
黄渡镇绿苑,嘉定,,,,,,,,,,未找到
黄渡锦苑,嘉定,,,,,,,,,,未找到
永乐花园,嘉定,,,,,,,,,,未找到
黄渡新苑,嘉定,,,,,,,,,,未找到
黄渡路佳苑,嘉定,,,,,,,,,,未找到
九亭大街花苑,松江,,,,,,,,,,未找到
世纪弄,松江,,,,,,,,,,未找到
九亭花苑,松江,,,,,,,,,,未找到
星光馨苑,松江,,,,,,,,,,未找到
涞坊路花苑,松江,,,,,,,,,,未找到
久富花苑,松江,,,,,,,,,,未找到
奥林匹克花苑,松江,,,,,,,,,,未找到
九亭路嘉苑,松江,,,,,,,,,,未找到
九亭庭,松江,,,,,,,,,,未找到
绿洲弄,松江,,,,,,,,,,未找到
佘山路盛苑,松江,,,,,,,,,,未找到
东方三期,松江,,,,,,,,,,未找到
世茂佘山庄园,松江,,,,,,,,,,未找到
永福小区,松江,,,,,,,,,,未找到
吉祥华庭,松江,,,,,,,,,,未找到
佘山路雅苑,松江,,,,,,,,,,未找到
摩卡小城,松江,,,,,,,,,,未找到
鑫都三期,松江,,,,,,,,,,未找到
佘山别墅,松江,,,,,,,,,,未找到
佘山三号花苑,松江,,,,,,,,,,未找到
佘山花苑,松江,,,,,,,,,,未找到
佘山街绿苑,松江,,,,,,,,,,未找到
奥林匹克花园二期,松江,,,,,,,,,,未找到
叶榭坊,松江,,,,,,,,,,未找到
叶榭镇佳苑,松江,,,,,,,,,,未找到
叶榭路花苑,松江,,,,,,,,,,未找到
嘉和弄,松江,,,,,,,,,,未找到
银河苑,松江,,,,,,,,,,未找到
新世纪新苑,松江,,,,,,,,,,未找到
叶榭花园,松江,,,,,,,,,,未找到
永和花苑,松江,,,,,,,,,,未找到
叶榭路苑,松江,,,,,,,,,,未找到
大学城街和苑,松江,,,,,,,,,,未找到
嘉和城,松江,,,,,,,,,,未找到
康乐一期,松江,,,,,,,,,,未找到
大学城路丽苑,松江,,,,,,,,,,未找到
大学城兴苑,松江,,,,,,,,,,未找到
大学城街里,松江,,,,,,,,,,未找到
大学城路城,松江,,,,,,,,,,未找到
大学城三期,松江,,,,,,,,,,未找到
大学城镇家苑,松江,,,,,,,,,,未找到
大学城街家苑,松江,,,,,,,,,,未找到
大学城镇花苑,松江,,,,,,,,,,未找到
大学城盛苑,松江,,,,,,,,,,未找到
太平嘉苑,松江,,,,,,,,,,未找到
小昆山花苑,松江,,,,,,,,,,未找到
宏达城,松江,,,,,,,,,,未找到
小昆山镇湾,松江,,,,,,,,,,未找到
小昆山镇佳苑,松江,,,,,,,,,,未找到
小昆山里,松江,,,,,,,,,,未找到
小昆山街大楼,松江,,,,,,,,,,未找到
小昆山路盛苑,松江,,,,,,,,,,未找到
万象住宅,松江,,,,,,,,,,未找到
小昆山雅苑,松江,,,,,,,,,,未找到
永兴府,松江,,,,,,,,,,未找到
鑫城苑,松江,,,,,,,,,,未找到
小昆山镇府,松江,,,,,,,,,,未找到
新桥花苑,松江,,,,,,,,,,未找到
盛世嘉苑,松江,,,,,,,,,,未找到
新桥街花园,松江,,,,,,,,,,未找到
新桥路丽苑,松江,,,,,,,,,,未找到
永泰小区,松江,,,,,,,,,,未找到
新桥街雅苑,松江,,,,,,,,,,未找到
塘和家园齐康苑,松江,,,,,,,,,,未找到
新桥路大楼,松江,,,,,,,,,,未找到
新家花园,松江,,,,,,,,,,未找到
新桥路新村,松江,,,,,,,,,,未找到
新浜街佳苑,松江,,,,,,,,,,未找到
新浜路一期,松江,,,,,,,,,,未找到
永兴住宅,松江,,,,,,,,,,未找到
阳光苑,松江,,,,,,,,,,未找到
新浜街锦苑,松江,,,,,,,,,,未找到
新浜府,松江,,,,,,,,,,未找到
新浜湾,松江,,,,,,,,,,未找到
佘北家园紫鹃苑,松江,,,,,,,,,,未找到
松江万达花苑,松江,,,,,,,,,,未找到
松江新城新村,松江,,,,,,,,,,未找到
开元地中海,松江,,,,,,,,,,未找到
三湘七星花苑,松江,,,,,,,,,,未找到
三湘四季花城,松江,,,,,,,,,,未找到
新都怡苑,松江,,,,,,,,,,未找到
松江新城街湾,松江,,,,,,,,,,未找到
绿地蔷薇,松江,,,,,,,,,,未找到
紫金花园,松江,,,,,,,,,,未找到
嘉泰住宅,松江,,,,,,,,,,未找到
永丰街名邸,松江,,,,,,,,,,未找到
永和雅苑,松江,,,,,,,,,,未找到
永丰镇华庭,松江,,,,,,,,,,未找到
北上湾,松江,,,,,,,,,,未找到
九城湖滨国际,松江,,,,,,,,,,未找到
明珠府,松江,,,,,,,,,,未找到
永丰街华庭,松江,,,,,,,,,,未找到
泗泾家苑,松江,,,,,,,,,,未找到
润江花苑,松江,,,,,,,,,,未找到
泗泾花苑,松江,,,,,,,,,,未找到
泗泾新村,松江,,,,,,,,,,未找到
佘北家园凤尾苑,松江,,,,,,,,,,未找到
泗泾路湾,松江,,,,,,,,,,未找到
泗泾街花园,松江,,,,,,,,,,未找到
泗泾镇花苑,松江,,,,,,,,,,未找到
泗泾街新村,松江,,,,,,,,,,未找到
绿地泗泾,松江,,,,,,,,,,未找到
泗泾街里,松江,,,,,,,,,,未找到
新家三期,松江,,,,,,,,,,未找到
洞泾路盛苑,松江,,,,,,,,,,未找到
银河一期,松江,,,,,,,,,,未找到
美丽星城,松江,,,,,,,,,,未找到
安居小区,松江,,,,,,,,,,未找到
洞泾花苑,松江,,,,,,,,,,未找到
永宁馨苑,松江,,,,,,,,,,未找到
盛世一期,松江,,,,,,,,,,未找到
洞泾路坊,松江,,,,,,,,,,未找到
洞泾镇花苑,松江,,,,,,,,,,未找到
绿庭尚城,松江,,,,,,,,,,未找到
石湖荡路家苑,松江,,,,,,,,,,未找到
知雅汇,松江,,,,,,,,,,未找到
石湖荡公寓,松江,,,,,,,,,,未找到
石湖荡镇湾,松江,,,,,,,,,,未找到
石湖荡街怡苑,松江,,,,,,,,,,未找到
星光里,松江,,,,,,,,,,未找到
永泰绿苑,松江,,,,,,,,,,未找到
石湖荡街嘉苑,松江,,,,,,,,,,未找到
石湖荡街弄,松江,,,,,,,,,,未找到
宏宇三期,松江,,,,,,,,,,未找到
石湖荡弄,松江,,,,,,,,,,未找到
幸福盛苑,松江,,,,,,,,,,未找到
老城公寓,松江,,,,,,,,,,未找到
老城镇佳苑,松江,,,,,,,,,,未找到
嘉华新苑,松江,,,,,,,,,,未找到
凤凰馨苑,松江,,,,,,,,,,未找到
老城路花苑,松江,,,,,,,,,,未找到
老城街城,松江,,,,,,,,,,未找到
永兴湾,松江,,,,,,,,,,未找到
老城路兴苑,松江,,,,,,,,,,未找到
老城路景苑,松江,,,,,,,,,,未找到
老城城,松江,,,,,,,,,,未找到
老城花苑,松江,,,,,,,,,,未找到
老城街新苑,松江,,,,,,,,,,未找到
永泰城,松江,,,,,,,,,,未找到
老城广场,松江,,,,,,,,,,未找到
车墩街景苑,松江,,,,,,,,,,未找到
鑫都小区,松江,,,,,,,,,,未找到
翠竹二期,松江,,,,,,,,,,未找到
车墩广场,松江,,,,,,,,,,未找到
车墩花苑,松江,,,,,,,,,,未找到
高景花园,青浦,,,,,,,,,,未找到
大华西郊别墅,青浦,,,,,,,,,,未找到
二联馨苑,青浦,,,,,,,,,,未找到
欣沁苑,青浦,,,,,,,,,,未找到
华新镇花苑,青浦,,,,,,,,,,未找到
华新花苑,青浦,,,,,,,,,,未找到
鑫都怡苑,青浦,,,,,,,,,,未找到
招商虹桥公馆,青浦,,,,,,,,,,未找到
凤溪花苑,青浦,,,,,,,,,,未找到
华新路花苑,青浦,,,,,,,,,,未找到
华新街花苑,青浦,,,,,,,,,,未找到
华新路怡苑,青浦,,,,,,,,,,未找到
富力桃园,青浦,,,,,,,,,,未找到
夏阳湖国际花园,青浦,,,,,,,,,,未找到
绿地朱家角1号,青浦,,,,,,,,,,未找到
商榻大楼,青浦,,,,,,,,,,未找到
商榻街花园,青浦,,,,,,,,,,未找到
商榻新村,青浦,,,,,,,,,,未找到
商榻路里,青浦,,,,,,,,,,未找到
商榻丽苑,青浦,,,,,,,,,,未找到
新里波洛克公馆,青浦,,,,,,,,,,未找到
商榻花园,青浦,,,,,,,,,,未找到
商榻街庭,青浦,,,,,,,,,,未找到
商榻街公寓,青浦,,,,,,,,,,未找到
商榻路怡苑,青浦,,,,,,,,,,未找到
商榻街景苑,青浦,,,,,,,,,,未找到
夏阳路花园,青浦,,,,,,,,,,未找到
夏阳路住宅,青浦,,,,,,,,,,未找到
夏阳路丽苑,青浦,,,,,,,,,,未找到
夏阳雅苑,青浦,,,,,,,,,,未找到
夏阳街名邸,青浦,,,,,,,,,,未找到
夏阳镇广场,青浦,,,,,,,,,,未找到
夏阳街雅苑,青浦,,,,,,,,,,未找到
夏阳馨苑,青浦,,,,,,,,,,未找到
夏阳街嘉苑,青浦,,,,,,,,,,未找到
夏阳绿苑,青浦,,,,,,,,,,未找到
夏阳街盛苑,青浦,,,,,,,,,,未找到
夏阳锦苑,青浦,,,,,,,,,,未找到
中信泰富朱家角新城别墅,青浦,,,,,,,,,,未找到
徐泾北城春江三月,青浦,,,,,,,,,,未找到
颐湾丽庭,青浦,,,,,,,,,,未找到
徐泾北城馨浦苑,青浦,,,,,,,,,,未找到
西郊美德苑,青浦,,,,,,,,,,未找到
虹桥正荣花苑,青浦,,,,,,,,,,未找到
蟠龙天地,青浦,,,,,,,,,,未找到
东方怡苑,青浦,,,,,,,,,,未找到
徐泾街家苑,青浦,,,,,,,,,,未找到
万科天空之城,青浦,,,,,,,,,,未找到
御虹花苑,青浦,,,,,,,,,,未找到
蟠龙天地二期,青浦,,,,,,,,,,未找到
徐泾街小区,青浦,,,,,,,,,,未找到
徐泾街馨苑,青浦,,,,,,,,,,未找到
徐泾新苑,青浦,,,,,,,,,,未找到
徐泾花苑,青浦,,,,,,,,,,未找到
桂花园,青浦,,,,,,,,,,未找到
上实滨湖城海上湾鹭居,青浦,,,,,,,,,,未找到
虹桥金茂悦,青浦,,,,,,,,,,未找到
朱家角路新苑,青浦,,,,,,,,,,未找到
朱家角花苑,青浦,,,,,,,,,,未找到
淀山湖别墅,青浦,,,,,,,,,,未找到
朱家角街湾,青浦,,,,,,,,,,未找到
朱家角路广场,青浦,,,,,,,,,,未找到
新世纪二期,青浦,,,,,,,,,,未找到
万象二期,青浦,,,,,,,,,,未找到
灿辉晶典1733,青浦,,,,,,,,,,未找到
湖畔佳苑,青浦,,,,,,,,,,未找到
嘉叶雅君汇,青浦,,,,,,,,,,未找到
新虹桥君悦湾,青浦,,,,,,,,,,未找到
西郊华城,青浦,,,,,,,,,,未找到
永乐新村,青浦,,,,,,,,,,未找到
世纪里,青浦,,,,,,,,,,未找到
聚利别墅,青浦,,,,,,,,,,未找到
白鹤街里,青浦,,,,,,,,,,未找到
白鹤花苑,青浦,,,,,,,,,,未找到
翠竹城,青浦,,,,,,,,,,未找到
白鹤路嘉苑,青浦,,,,,,,,,,未找到
白鹤街小区,青浦,,,,,,,,,,未找到
白鹤街苑,青浦,,,,,,,,,,未找到
新景华庭,青浦,,,,,,,,,,未找到
白鹤街住宅,青浦,,,,,,,,,,未找到
盈浦路大楼,青浦,,,,,,,,,,未找到
永乐府,青浦,,,,,,,,,,未找到
嘉宝丽苑,青浦,,,,,,,,,,未找到
盈浦镇锦苑,青浦,,,,,,,,,,未找到
盈浦湾,青浦,,,,,,,,,,未找到
盈浦镇兴苑,青浦,,,,,,,,,,未找到
盈浦路广场,青浦,,,,,,,,,,未找到
盈浦城,青浦,,,,,,,,,,未找到
盈浦街兴苑,青浦,,,,,,,,,,未找到
盈浦路华庭,青浦,,,,,,,,,,未找到
盈浦和苑,青浦,,,,,,,,,,未找到
练塘街庭,青浦,,,,,,,,,,未找到
瑞和一期,青浦,,,,,,,,,,未找到
练塘广场,青浦,,,,,,,,,,未找到
练塘苑,青浦,,,,,,,,,,未找到
练塘路新苑,青浦,,,,,,,,,,未找到
练塘花苑,青浦,,,,,,,,,,未找到
康浦景庭,青浦,,,,,,,,,,未找到
虹桥正荣府,青浦,,,,,,,,,,未找到
新虹桥明珠花园,青浦,,,,,,,,,,未找到
崧泽花苑,青浦,,,,,,,,,,未找到
赵巷路苑,青浦,,,,,,,,,,未找到
永丰新村,青浦,,,,,,,,,,未找到
赵巷花苑,青浦,,,,,,,,,,未找到
赵巷路盛苑,青浦,,,,,,,,,,未找到
瑞景嘉苑,青浦,,,,,,,,,,未找到
赵巷路花园,青浦,,,,,,,,,,未找到
赵巷城,青浦,,,,,,,,,,未找到
赵巷街住宅,青浦,,,,,,,,,,未找到
重固街弄,青浦,,,,,,,,,,未找到
凤凰湾,青浦,,,,,,,,,,未找到
重固花苑,青浦,,,,,,,,,,未找到
上海恒大御澜庭,青浦,,,,,,,,,,未找到
宏达景苑,青浦,,,,,,,,,,未找到
永和住宅,青浦,,,,,,,,,,未找到
锦绣逸庭,青浦,,,,,,,,,,未找到
金泽里,青浦,,,,,,,,,,未找到
锦绣盛苑,青浦,,,,,,,,,,未找到
金色住宅,青浦,,,,,,,,,,未找到
金泽街公寓,青浦,,,,,,,,,,未找到
金泽镇名邸,青浦,,,,,,,,,,未找到
徐泾北城海棠馨苑,青浦,,,,,,,,,,未找到
青浦新城新苑,青浦,,,,,,,,,,未找到
万达茂公寓,青浦,,,,,,,,,,未找到
新景景苑,青浦,,,,,,,,,,未找到
青浦新城街苑,青浦,,,,,,,,,,未找到
朱家角路花苑,青浦,,,,,,,,,,未找到
青浦新城花苑,青浦,,,,,,,,,,未找到
春天住宅,青浦,,,,,,,,,,未找到
圣堡别墅,青浦,,,,,,,,,,未找到
青浦新城馨苑,青浦,,,,,,,,,,未找到
上海蟠龙天地,青浦,,,,,,,,,,未找到
香花桥街坊,青浦,,,,,,,,,,未找到
龙腾盛苑,青浦,,,,,,,,,,未找到
香花桥城,青浦,,,,,,,,,,未找到
香花桥大楼,青浦,,,,,,,,,,未找到
香花桥镇新村,青浦,,,,,,,,,,未找到
香花桥街华庭,青浦,,,,,,,,,,未找到
香花桥路公寓,青浦,,,,,,,,,,未找到
新景雅苑,青浦,,,,,,,,,,未找到
香花桥公寓,青浦,,,,,,,,,,未找到
香花桥镇花苑,青浦,,,,,,,,,,未找到
宏达二期,青浦,,,,,,,,,,未找到
南桥花苑,奉贤,,,,,,,,,,未找到
南桥花苑二期,奉贤,,,,,,,,,,未找到
南桥街绿苑,奉贤,,,,,,,,,,未找到
南桥新城花苑,奉贤,,,,,,,,,,未找到
贝港花苑,奉贤,,,,,,,,,,未找到
贝港国际花苑,奉贤,,,,,,,,,,未找到
南桥街华庭,奉贤,,,,,,,,,,未找到
南桥一期,奉贤,,,,,,,,,,未找到
南桥街馨苑,奉贤,,,,,,,,,,未找到
南桥街花园,奉贤,,,,,,,,,,未找到
南桥路庭,奉贤,,,,,,,,,,未找到
南桥街嘉苑,奉贤,,,,,,,,,,未找到
南桥路嘉苑,奉贤,,,,,,,,,,未找到
南桥东街雅苑,奉贤,,,,,,,,,,未找到
南桥东庭,奉贤,,,,,,,,,,未找到
南桥东湾,奉贤,,,,,,,,,,未找到
中建公元壹号,奉贤,,,,,,,,,,未找到
南桥东路小区,奉贤,,,,,,,,,,未找到
南桥东路苑,奉贤,,,,,,,,,,未找到
南桥东路盛苑,奉贤,,,,,,,,,,未找到
南桥东街景苑,奉贤,,,,,,,,,,未找到
南桥东镇花园,奉贤,,,,,,,,,,未找到
南桥东路馨苑,奉贤,,,,,,,,,,未找到
南桥东路府,奉贤,,,,,,,,,,未找到
奉馨园,奉贤,,,,,,,,,,未找到
四团街景苑,奉贤,,,,,,,,,,未找到
四团路府,奉贤,,,,,,,,,,未找到
四团路公寓,奉贤,,,,,,,,,,未找到
永兴里,奉贤,,,,,,,,,,未找到
四团苑,奉贤,,,,,,,,,,未找到
四团路花苑,奉贤,,,,,,,,,,未找到
星光二期,奉贤,,,,,,,,,,未找到
绿地无双,奉贤,,,,,,,,,,未找到
奉城路二期,奉贤,,,,,,,,,,未找到
康乐坊,奉贤,,,,,,,,,,未找到
头桥花苑,奉贤,,,,,,,,,,未找到
奉城公寓,奉贤,,,,,,,,,,未找到
奉城新村,奉贤,,,,,,,,,,未找到
奉城花苑,奉贤,,,,,,,,,,未找到
奉城街花苑,奉贤,,,,,,,,,,未找到
永安盛苑,奉贤,,,,,,,,,,未找到
奉城湾,奉贤,,,,,,,,,,未找到
奉贤万达花苑,奉贤,,,,,,,,,,未找到
奉贤新城路二期,奉贤,,,,,,,,,,未找到
望园路花苑,奉贤,,,,,,,,,,未找到
奉贤新城路一期,奉贤,,,,,,,,,,未找到
绿地未来中心,奉贤,,,,,,,,,,未找到
奉贤新城路住宅,奉贤,,,,,,,,,,未找到
新城绿洲,奉贤,,,,,,,,,,未找到
奉贤新城街广场,奉贤,,,,,,,,,,未找到
奉贤新城路湾,奉贤,,,,,,,,,,未找到
奉贤新城弄,奉贤,,,,,,,,,,未找到
悦盛馨苑,奉贤,,,,,,,,,,未找到
奉贤新城路馨苑,奉贤,,,,,,,,,,未找到
奉贤新城街公寓,奉贤,,,,,,,,,,未找到
奉贤新城盛苑,奉贤,,,,,,,,,,未找到
江海花园,奉贤,,,,,,,,,,未找到
奉发云境,奉贤,,,,,,,,,,未找到
和谐住宅,奉贤,,,,,,,,,,未找到
庄行花苑,奉贤,,,,,,,,,,未找到
庄行城,奉贤,,,,,,,,,,未找到
瑞丰锦苑,奉贤,,,,,,,,,,未找到
柘林街小区,奉贤,,,,,,,,,,未找到
柘林花苑,奉贤,,,,,,,,,,未找到
柘林街馨苑,奉贤,,,,,,,,,,未找到
柘林路嘉苑,奉贤,,,,,,,,,,未找到
阳光大楼,奉贤,,,,,,,,,,未找到
柘林镇馨苑,奉贤,,,,,,,,,,未找到
柘林路二期,奉贤,,,,,,,,,,未找到
柘林路公寓,奉贤,,,,,,,,,,未找到
绿地小米公社,奉贤,,,,,,,,,,未找到
馨雅民居,奉贤,,,,,,,,,,未找到
海湾路二期,奉贤,,,,,,,,,,未找到
海湾花苑,奉贤,,,,,,,,,,未找到
海湾盛苑,奉贤,,,,,,,,,,未找到
悦丰新苑,奉贤,,,,,,,,,,未找到
阳光园二期,奉贤,,,,,,,,,,未找到
西渡街弄,奉贤,,,,,,,,,,未找到
西渡兴苑,奉贤,,,,,,,,,,未找到
西渡公寓,奉贤,,,,,,,,,,未找到
西渡街花园,奉贤,,,,,,,,,,未找到
西渡湾,奉贤,,,,,,,,,,未找到
西渡镇雅苑,奉贤,,,,,,,,,,未找到
西渡镇绿苑,奉贤,,,,,,,,,,未找到
西渡镇名邸,奉贤,,,,,,,,,,未找到
金汇丽苑,奉贤,,,,,,,,,,未找到
阳光小区,奉贤,,,,,,,,,,未找到
金汇嘉苑,奉贤,,,,,,,,,,未找到
金汇街坊,奉贤,,,,,,,,,,未找到
嘉华大楼,奉贤,,,,,,,,,,未找到
嘉华二期,奉贤,,,,,,,,,,未找到
金汇花苑,奉贤,,,,,,,,,,未找到
绿地南桥新苑,奉贤,,,,,,,,,,未找到
汤臣臻园,奉贤,,,,,,,,,,未找到
宜居二期,奉贤,,,,,,,,,,未找到
金汇街湾,奉贤,,,,,,,,,,未找到
金汇馨苑,奉贤,,,,,,,,,,未找到
青村景苑,奉贤,,,,,,,,,,未找到
青村街二期,奉贤,,,,,,,,,,未找到
青村镇兴苑,奉贤,,,,,,,,,,未找到
青村路城,奉贤,,,,,,,,,,未找到
青村城,奉贤,,,,,,,,,,未找到
永宁花苑,奉贤,,,,,,,,,,未找到
青村兴苑,奉贤,,,,,,,,,,未找到
青村馨苑,奉贤,,,,,,,,,,未找到
绿地金山老街,金山,,,,,,,,,,未找到
金瀚园,金山,,,,,,,,,,未找到
亭林花苑,金山,,,,,,,,,,未找到
亭林镇花苑,金山,,,,,,,,,,未找到
亭林路锦苑,金山,,,,,,,,,,未找到
宏达里,金山,,,,,,,,,,未找到
亭林馨苑,金山,,,,,,,,,,未找到
亭林街景苑,金山,,,,,,,,,,未找到
三岛龙洲苑,金山,,,,,,,,,,未找到
吕巷绿苑,金山,,,,,,,,,,未找到
吕巷花苑,金山,,,,,,,,,,未找到
吕巷路华庭,金山,,,,,,,,,,未找到
吕巷街府,金山,,,,,,,,,,未找到
山阳街住宅,金山,,,,,,,,,,未找到
山阳新村,金山,,,,,,,,,,未找到
山阳街新村,金山,,,,,,,,,,未找到
山阳苑,金山,,,,,,,,,,未找到
山阳湾,金山,,,,,,,,,,未找到
山阳路花园,金山,,,,,,,,,,未找到
山阳街里,金山,,,,,,,,,,未找到
山阳街丽苑,金山,,,,,,,,,,未找到
山阳路大楼,金山,,,,,,,,,,未找到
山阳街锦苑,金山,,,,,,,,,,未找到
山阳街城,金山,,,,,,,,,,未找到
山阳路庭,金山,,,,,,,,,,未找到
山阳馨苑,金山,,,,,,,,,,未找到
工业区镇名邸,金山,,,,,,,,,,未找到
工业区街城,金山,,,,,,,,,,未找到
工业区路和苑,金山,,,,,,,,,,未找到
工业区湾,金山,,,,,,,,,,未找到
工业区路住宅,金山,,,,,,,,,,未找到
工业区街小区,金山,,,,,,,,,,未找到
工业区路雅苑,金山,,,,,,,,,,未找到
廊下路馨苑,金山,,,,,,,,,,未找到
廊下锦苑,金山,,,,,,,,,,未找到
龙腾广场,金山,,,,,,,,,,未找到
廊下花苑,金山,,,,,,,,,,未找到
廊下街花园,金山,,,,,,,,,,未找到
廊下广场,金山,,,,,,,,,,未找到
鑫城绿苑,金山,,,,,,,,,,未找到
廊下街馨苑,金山,,,,,,,,,,未找到
廊下绿苑,金山,,,,,,,,,,未找到
廊下路盛苑,金山,,,,,,,,,,未找到
张堰路住宅,金山,,,,,,,,,,未找到
张堰街新苑,金山,,,,,,,,,,未找到
张堰景苑,金山,,,,,,,,,,未找到
张堰路馨苑,金山,,,,,,,,,,未找到
张堰街广场,金山,,,,,,,,,,未找到
张堰路丽苑,金山,,,,,,,,,,未找到
张堰花苑,金山,,,,,,,,,,未找到
张堰一期,金山,,,,,,,,,,未找到
阳光景苑,金山,,,,,,,,,,未找到
东礁新村,金山,,,,,,,,,,未找到
东泉新村,金山,,,,,,,,,,未找到
朱泾街丽苑,金山,,,,,,,,,,未找到
金山新城花苑,金山,,,,,,,,,,未找到
朱泾弄,金山,,,,,,,,,,未找到
朱泾花苑,金山,,,,,,,,,,未找到
朱泾雅苑,金山,,,,,,,,,,未找到
朱泾新村,金山,,,,,,,,,,未找到
朱泾万安花苑,金山,,,,,,,,,,未找到
众安花苑,金山,,,,,,,,,,未找到
朱泾路新苑,金山,,,,,,,,,,未找到
朱泾路盛苑,金山,,,,,,,,,,未找到
朱泾街三期,金山,,,,,,,,,,未找到
朱泾路一期,金山,,,,,,,,,,未找到
枫泾馨苑,金山,,,,,,,,,,未找到
枫泾绿苑,金山,,,,,,,,,,未找到
枫泾镇里,金山,,,,,,,,,,未找到
枫泾镇佳苑,金山,,,,,,,,,,未找到
枫泾古镇花苑,金山,,,,,,,,,,未找到
枫泾路华庭,金山,,,,,,,,,,未找到
枫泾景苑,金山,,,,,,,,,,未找到
鑫都新苑,金山,,,,,,,,,,未找到
漕泾馨苑,金山,,,,,,,,,,未找到
漕泾路怡苑,金山,,,,,,,,,,未找到
漕泾路新村,金山,,,,,,,,,,未找到
漕泾路花苑,金山,,,,,,,,,,未找到
漕泾坊,金山,,,,,,,,,,未找到
漕泾街广场,金山,,,,,,,,,,未找到
金海岸花苑,金山,,,,,,,,,,未找到
石化花苑,金山,,,,,,,,,,未找到
石化街绿苑,金山,,,,,,,,,,未找到
石化街雅苑,金山,,,,,,,,,,未找到
辰凯花苑,金山,,,,,,,,,,未找到
山龙花苑,金山,,,,,,,,,,未找到
石化街府,金山,,,,,,,,,,未找到
棕榈湾花园,金山,,,,,,,,,,未找到
山鑫康城,金山,,,,,,,,,,未找到
金山卫花苑,金山,,,,,,,,,,未找到
海棠花苑,金山,,,,,,,,,,未找到
海湾公寓,金山,,,,,,,,,,未找到
金山卫路府,金山,,,,,,,,,,未找到
金山卫路花园,金山,,,,,,,,,,未找到
三星街一期,崇明,,,,,,,,,,未找到
三星盛苑,崇明,,,,,,,,,,未找到
三星坊,崇明,,,,,,,,,,未找到
三星镇兴苑,崇明,,,,,,,,,,未找到
三星路馨苑,崇明,,,,,,,,,,未找到
三星花苑,崇明,,,,,,,,,,未找到
中兴路馨苑,崇明,,,,,,,,,,未找到
中兴雅苑,崇明,,,,,,,,,,未找到
新都弄,崇明,,,,,,,,,,未找到
中兴路苑,崇明,,,,,,,,,,未找到
中兴弄,崇明,,,,,,,,,,未找到
中兴镇花苑,崇明,,,,,,,,,,未找到
中兴庭,崇明,,,,,,,,,,未找到
中兴兴苑,崇明,,,,,,,,,,未找到
中兴街坊,崇明,,,,,,,,,,未找到
向化路湾,崇明,,,,,,,,,,未找到
向化镇锦苑,崇明,,,,,,,,,,未找到
向化路馨苑,崇明,,,,,,,,,,未找到
向化街景苑,崇明,,,,,,,,,,未找到
新城花苑,崇明,,,,,,,,,,未找到
南门花苑,崇明,,,,,,,,,,未找到
城桥新村,崇明,,,,,,,,,,未找到
崇明万达花苑,崇明,,,,,,,,,,未找到
城桥街绿苑,崇明,,,,,,,,,,未找到
城桥花苑,崇明,,,,,,,,,,未找到
南门路花苑,崇明,,,,,,,,,,未找到
堡镇街馨苑,崇明,,,,,,,,,,未找到
堡镇新村,崇明,,,,,,,,,,未找到
堡镇花苑,崇明,,,,,,,,,,未找到
堡镇公寓,崇明,,,,,,,,,,未找到
堡镇新村二期,崇明,,,,,,,,,,未找到
庙镇华庭,崇明,,,,,,,,,,未找到
庙镇街坊,崇明,,,,,,,,,,未找到
庙镇花苑,崇明,,,,,,,,,,未找到
庙镇街花园,崇明,,,,,,,,,,未找到
庙镇路二期,崇明,,,,,,,,,,未找到
庙镇镇新苑,崇明,,,,,,,,,,未找到
建设坊,崇明,,,,,,,,,,未找到
建设镇华庭,崇明,,,,,,,,,,未找到
建设街里,崇明,,,,,,,,,,未找到
建设街湾,崇明,,,,,,,,,,未找到
新河路雅苑,崇明,,,,,,,,,,未找到
新河花园,崇明,,,,,,,,,,未找到
新河花苑,崇明,,,,,,,,,,未找到
新河街花苑,崇明,,,,,,,,,,未找到
新河街广场,崇明,,,,,,,,,,未找到
新河路新苑,崇明,,,,,,,,,,未找到
嘉和雅苑,崇明,,,,,,,,,,未找到
横沙花苑,崇明,,,,,,,,,,未找到
横沙岛街苑,崇明,,,,,,,,,,未找到
港沿盛苑,崇明,,,,,,,,,,未找到
港沿公寓,崇明,,,,,,,,,,未找到
港沿街家苑,崇明,,,,,,,,,,未找到
港沿路绿苑,崇明,,,,,,,,,,未找到
港沿花园,崇明,,,,,,,,,,未找到
港沿街华庭,崇明,,,,,,,,,,未找到
港沿街嘉苑,崇明,,,,,,,,,,未找到
港沿广场,崇明,,,,,,,,,,未找到
竖新小区,崇明,,,,,,,,,,未找到
竖新街锦苑,崇明,,,,,,,,,,未找到
竖新花苑,崇明,,,,,,,,,,未找到
竖新镇坊,崇明,,,,,,,,,,未找到
竖新街盛苑,崇明,,,,,,,,,,未找到
竖新路苑,崇明,,,,,,,,,,未找到
竖新城,崇明,,,,,,,,,,未找到
竖新二期,崇明,,,,,,,,,,未找到
长兴花苑,崇明,,,,,,,,,,未找到
长兴岛街盛苑,崇明,,,,,,,,,,未找到
长兴岛锦苑,崇明,,,,,,,,,,未找到
长兴花苑二期,崇明,,,,,,,,,,未找到
安居大楼,崇明,,,,,,,,,,未找到
陈家镇花苑,崇明,,,,,,,,,,未找到
宜居华庭,崇明,,,,,,,,,,未找到
永宁住宅,崇明,,,,,,,,,,未找到
东滩花苑,崇明,,,,,,,,,,未找到
瀛东花苑,崇明,,,,,,,,,,未找到
陈家镇街府,崇明,,,,,,,,,,未找到
陈家镇路公寓,崇明,,,,,,,,,,未找到
